"","date","pop","cruise","abundance_dawn","Qc_dawn","Qc_min","Qc_mean","data_day","n","r","r_se","r_p","log_Qc0","log_Qc0_se","log_Qc0_p","rmax","rmin","year","month","season","daylength","day","PP_exp"
"1",2013-09-04,"croco","KM1314",0.201104231966133,0.72372847140625,0.72372847140625,1.04438664275611,11,12,0.0714535013735535,0.00581218565809891,2.32638467010993e-07,-0.383189644515549,0.0377419307875324,1.38293251389303e-06,0.0772656870316525,0.0656413157154546,2013,9,"fall",12.5116666666667,247,0.19807994523685
"2",2013-09-04,"euk","KM1314",4.09273444369437,0.39330231640625,0.39330231640625,0.618339269850123,11,12,0.0811925925579745,0.0041650413560971,2.75688254581055e-09,-0.966906074868423,0.0270460566534008,6.96278435969939e-12,0.0853576339140717,0.0770275512018774,2013,9,"fall",12.5116666666667,247,2.74175816461276
"3",2013-09-04,"prochloro","KM1314",163.446082931898,0.037257436625,0.0350569944117647,0.0362986914260315,11,12,0.0048170893763156,0.00211978183651756,0.0463774232877212,-3.34287492750483,0.0137649868852749,3.44603631752071e-20,0.00693687121283316,0.00269730753979804,2013,9,"fall",12.5116666666667,247,0.358785931825423
"4",2013-09-04,"synecho","KM1314",2.43497894197618,0.08370455196875,0.08370455196875,0.0893060701947304,11,12,0.0107053623964878,0.00138273850283073,1.56703657612486e-05,-2.47535744737046,0.00897893218506775,9.69854096336192e-21,0.0120881008993186,0.00932262389365712,2013,9,"fall",12.5116666666667,247,0.0293621182145954
"5",2014-12-09,"euk","KM1427",3.51809533580027,0.0503571143,0.0498249875,0.0663097952425704,10,11,0.065242209110815,0.0118645513302022,0.000380718083749083,-3.06826202488067,0.0701916322601568,8.57152441292703e-12,0.0771067604410172,0.0533776577806128,2014,12,"winter",10.7752777777778,343,0.166838837556738
"6",2014-12-09,"prochloro","KM1427",268.883765473543,0.02348847595,0.02348847595,0.0306968324833333,10,11,0.051036333814153,0.00496344978414608,2.83649505563906e-06,-3.75276448945717,0.0293641649224168,5.58584913756886e-16,0.055999783598299,0.0460728840300069,2014,12,"winter",10.7752777777778,343,4.62319656150906
"7",2014-12-09,"synecho","KM1427",1.99832762124409,0.13213015365,0.13213015365,0.157141264781991,10,11,0.0352165722121412,0.00354708454229906,3.79893531208641e-06,-2.03340856323104,0.0209848351496406,6.7343685969836e-15,0.0387636567544402,0.0316694876698421,2014,12,"winter",10.7752777777778,343,0.120711101579845
"8",2014-12-10,"prochloro","KM1427",302.4004810327,0.0233802973125,0.0233802973125,0.0311787215733852,10,11,0.0560085420170638,0.00284981354670984,1.0592575172743e-08,-3.76412284956626,0.0168597243092935,3.69173218520823e-18,0.0588583555637737,0.053158728470354,2014,12,"winter",10.7691666666667,344,5.80524074516024
"9",2014-12-10,"synecho","KM1427",1.96986786160508,0.11115641853125,0.11115641853125,0.148424460890401,10,11,0.0370698708811169,0.00462519206716575,2.18108512743649e-05,-2.1006139655749,0.027363005281512,5.46408673322992e-14,0.0416950629482827,0.0324446788139512,2014,12,"winter",10.7691666666667,344,0.118283179019866
"10",2014-12-11,"prochloro","KM1427",280.081761920915,0.0231961302368421,0.0231961302368421,0.0299119588692398,9,10,0.0569785939410308,0.00153087189616833,2.97873397229701e-10,-3.77942491171209,0.00817261951461243,5.35357646506568e-19,0.0585094658371991,0.0554477220448624,2014,12,"winter",10.7636111111111,345,5.41416761809643
"11",2014-12-11,"synecho","KM1427",2.28849322104084,0.120539504578947,0.120539504578947,0.145628167362339,9,10,0.0416542703262506,0.00182905779192061,1.46496024489912e-08,-2.12137774032676,0.00976449658591196,2.25531833954698e-16,0.0434833281181712,0.03982521253433,2014,12,"winter",10.7636111111111,345,0.155186531731578
"12",2015-05-23,"prochloro","KM1508",178.209714908144,0.021437321,0.021437321,0.0265063478612793,12,13,0.0324798983420818,0.00118015163019638,1.70141007341114e-11,-3.83266391820157,0.00834493220540222,6.54748430912222e-25,0.0336600499722782,0.0312997467118854,2015,5,"spring",13.34,143,2.09254534809367
"13",2015-05-23,"synecho","KM1508",1.67177811902677,0.1180208302,0.1180208302,0.139233056111744,12,13,0.0248690703003834,0.00131113251535448,9.42951928090879e-10,-2.12523054331998,0.00927110692641327,1.36636289977898e-21,0.0261802028157379,0.0235579377850289,2015,5,"spring",13.34,143,0.0785321048856967
"14",2015-05-24,"prochloro","KM1508",199.677670136758,0.0219009044,0.0219009044,0.0273814405563765,12,13,0.0375678672559411,0.00106822623773485,1.17987615393926e-12,-3.8332143077687,0.00755350016543704,2.18468594316831e-25,0.038636093493676,0.0364996410182063,2015,5,"spring",13.3525,144,2.81471950458564
"15",2015-05-24,"synecho","KM1508",1.35392341309805,0.120656492075,0.120656492075,0.141424481244939,12,13,0.0256650664287398,0.00154095032716547,3.7687315691429e-09,-2.11471876144049,0.0108961642581033,8.52381605567492e-21,0.0272060167559052,0.0241241161015743,2015,5,"spring",13.3525,144,0.06677689584799
"16",2015-05-25,"prochloro","KM1508",197.414466184405,0.021695510475,0.0212444785,0.0267397740966009,11,12,0.0396499753394272,0.00285306325970881,7.26559981075975e-08,-3.84961143466244,0.0185266132939742,1.63844180875749e-19,0.042503038599136,0.0367969120797184,2015,5,"spring",13.3641666666667,145,2.93651193894194
"17",2015-05-25,"synecho","KM1508",1.39512041185987,0.11651664065,0.114801958775,0.136939097020504,11,12,0.0258547426739937,0.00262080338178946,1.79985920611415e-06,-2.1347541707933,0.0170184136677392,2.54418086067285e-17,0.0284755460557831,0.0232339392922042,2015,5,"spring",13.3641666666667,145,0.0681036460962808
"18",2015-06-19,"euk","KM1510",0.968332636798371,0.7686325,0.7686325,0.923750782818421,7,8,0.048368918561655,0.0123465725441892,0.00782359611460039,-0.547273834953062,0.120655770760219,0.00395067084920669,0.0607154911058442,0.0360223460174657,2015,6,"summer",13.5294444444444,170,0.517627029756475
"19",2015-06-19,"prochloro","KM1510",177.140158222185,0.033189524,0.033189524,0.037839953190625,7,8,0.0268520858423797,0.00885662389674348,0.0230425862542378,-3.53257043390717,0.0865505611999085,1.44636957551069e-08,0.0357087097391232,0.0179954619456362,2015,6,"summer",13.5294444444444,170,2.26815692906828
"20",2015-06-19,"synecho","KM1510",1.10954781299813,0.132924297,0.132924297,0.148730834139803,7,8,0.0248512258411462,0.00457398386765607,0.00161268276660045,-2.14362770508506,0.0446988463414963,5.51080627636211e-09,0.0294252097088023,0.0202772419734901,2015,6,"summer",13.5294444444444,170,0.0519830538037435
"21",2015-07-20,"euk","KM1512",0.741981859244795,0.614697018375,0.614697018375,0.869363758007283,6,7,0.0727660170778317,0.0146872281987752,0.00426880934932236,-0.806953482773218,0.135409553333013,0.00190311859521669,0.0874532452766068,0.0580787888790565,2015,7,"summer",13.3419444444444,201,0.543030850544345
"22",2015-07-20,"prochloro","KM1512",173.483573481706,0.03132995775,0.03132995775,0.036578488421592,6,7,0.0485187630117923,0.00149303449176794,5.18451694549037e-07,-3.74969419394464,0.0137650978731262,1.26519778766436e-11,0.0500117975035603,0.0470257285200244,2015,7,"summer",13.3419444444444,201,3.71568729002165
"23",2015-07-20,"synecho","KM1512",0.899403543311093,0.1408784935,0.1408784935,0.171967598671475,6,7,0.0414435549883014,0.0085936484182679,0.0047875714623195,-2.13747648997211,0.0792295236425656,1.30876089560841e-06,0.0500372034065693,0.0328499065700335,2015,7,"summer",13.3419444444444,201,0.0783292335205943
"24",2015-07-21,"croco","KM1512",0.0336714389928809,1.37637242769444,1.1604620255,1.48735361422379,9,10,0.0502962333190172,0.00990209112592728,0.000953892036332028,0.00556838947622253,0.079525567328802,0.945896310892096,0.0601983244449445,0.0403941421930899,2015,7,"summer",13.3294444444444,202,0.0323378112822476
"25",2015-07-21,"euk","KM1512",0.861653024511547,0.340035807425,0.340035807425,0.537608935888709,12,13,0.079674782056704,0.00859886044025118,1.57538457175887e-06,-1.15025829720407,0.0608031252777835,9.69890009945572e-10,0.0882736424969552,0.0710759216164528,2015,7,"summer",13.3294444444444,202,0.516120009593147
"26",2015-07-21,"prochloro","KM1512",174.10301529747,0.02190438055,0.02190438055,0.028538410155195,12,13,0.0428606552828368,0.00439895095174215,9.58010192471256e-07,-3.82855764840649,0.0311052804808389,1.27419089052184e-18,0.0472596062345789,0.0384617043310946,2015,7,"summer",13.3294444444444,202,2.91678292533581
"27",2015-07-21,"synecho","KM1512",0.947819570413035,0.1106208866,0.110569698763158,0.129245578076512,12,13,0.024265465322582,0.00204229892653994,1.28818608808563e-07,-2.196094273728,0.014441234201664,1.2459044530059e-19,0.0263077642491219,0.0222231663960421,2015,7,"summer",13.3294444444444,202,0.0402625616143318
"28",2015-10-13,"croco","KOK1515",0.170728509774672,1.01665005491667,1.01665005491667,1.5656939518495,11,12,0.0539383913809788,0.0073856474641239,2.59174369703433e-05,0.131606893330267,0.047959341254638,0.0206854320626084,0.0613240388451027,0.0465527439168549,2015,10,"fall",11.6813888888889,286,0.170936195314015
"29",2015-10-13,"euk","KOK1515",2.96788984160065,0.486320364153846,0.486320364153846,0.847131609421068,11,12,0.0932196125765802,0.0158500493554434,0.00015490460678616,-0.746474868838637,0.102923667780389,2.74976988432665e-05,0.109069661932024,0.0773695632211368,2015,10,"fall",11.6813888888889,286,2.77311588907821
"30",2015-10-13,"prochloro","KOK1515",279.944984439099,0.0222046011538462,0.0222046011538462,0.0315860729785421,11,12,0.0514009545786195,0.00509991881126412,1.47917255566608e-06,-3.75440522309526,0.0331167643498372,6.99229850178482e-17,0.0565008733898836,0.0463010357673554,2015,10,"fall",11.6813888888889,286,5.39396294094565
"31",2015-10-13,"synecho","KOK1515",2.86256153291845,0.106033412923077,0.106033412923077,0.126407505267744,11,12,0.0279349180247335,0.00342155170487353,9.84888986757744e-06,-2.22716664678166,0.0222181422321494,2.39150273483483e-16,0.031356469729607,0.02451336631986,2015,10,"fall",11.6813888888889,286,0.119106346955502
"32",2015-11-13,"prochloro","KM1518",222.57201394987,0.02554259315,0.02554259315,0.0362632512082082,10,11,0.0700486193024539,0.00260898277411495,6.67527990236082e-10,-3.69210062742542,0.0154349502443966,1.98461715766903e-18,0.0726576020765688,0.0674396365283389,2015,11,"fall",11.0838888888889,317,6.50957910185601
"33",2015-11-13,"synecho","KM1518",0.816095918037418,0.106005455725,0.106005455725,0.139803658774113,10,11,0.0631244904532664,0.003280680978172,1.27669074162015e-08,-2.30355315084576,0.0194087704097628,1.08676120129754e-15,0.0664051714314384,0.0598438094750944,2015,11,"fall",11.0838888888889,317,0.0825968756271304
"34",2015-11-14,"prochloro","KM1518",202.326538431355,0.023338468725,0.0228972008125,0.0331423006815199,10,11,0.0729714362743274,0.00709315582426623,2.82464420695749e-06,-3.80185515424619,0.0419636757703167,1.23260926228811e-14,0.0800645920985936,0.0658782804500612,2015,11,"fall",11.0675,318,5.61358437337483
"35",2015-11-14,"synecho","KM1518",1.05120961694904,0.11186033985,0.0980734811111111,0.131293185493268,10,11,0.0496706136062287,0.00678725705660858,4.47654908085121e-05,-2.29319272080635,0.0401539542553022,7.79049090909246e-13,0.0564578706628373,0.0428833565496201,2015,11,"fall",11.0675,318,0.0777578986346802
"36",2015-11-15,"prochloro","KM1518",240.123486908861,0.0248424541052632,0.0248424541052632,0.0392135231217703,10,11,0.093489249296314,0.00284214691602193,1.09173375276561e-10,-3.75049775434515,0.0168143679104762,3.72283850110396e-18,0.096331396212336,0.0906471023802921,2015,11,"fall",11.0516666666667,319,10.2167155759099
"37",2015-11-15,"synecho","KM1518",0.988903255929072,0.114911933605263,0.114911933605263,0.154908181293301,10,11,0.0586001585702527,0.00282060695700129,6.48925888045667e-09,-2.17535712791497,0.0166869357943854,4.67244776548584e-16,0.061420765527254,0.0557795516132514,2015,11,"fall",11.0516666666667,319,0.102312594000302
"38",2016-01-12,"euk","KM1601",1.06264931632217,0.330087164818182,0.330087164818182,0.434689430154605,9,8,0.0529182129804553,0.00976861470338368,0.0016371584090645,-1.08859821597384,0.0539489380183382,9.62311160202405e-07,0.062686827683839,0.0431495982770716,2016,1,"winter",10.8530555555556,12,0.277613376261251
"39",2016-01-12,"prochloro","KM1601",217.434124915155,0.0223631374545455,0.0223631374545455,0.0294675776513526,9,8,0.0599912401648789,0.00295740584012623,9.32687734398761e-07,-3.81304303382018,0.0163328075892661,4.16785992273861e-13,0.0629486460050051,0.0570338343247526,2016,1,"winter",10.8530555555556,12,4.40565148160804
"40",2016-01-12,"synecho","KM1601",1.23860911673556,0.113593667318182,0.113593667318182,0.132425678013664,9,8,0.0294306711814842,0.00374977373124892,0.000226178130436015,-2.15902068382749,0.0207088022972048,5.2488445541504e-11,0.0331804449127331,0.0256808974502353,2016,1,"winter",10.8530555555556,12,0.0538071403601426
"41",2016-01-13,"prochloro","KM1601",216.833452484142,0.02249687625,0.02249687625,0.0297348406440879,10,11,0.0509283801639466,0.00221685280872365,2.66574488106422e-09,-3.78315493489189,0.0131150780837976,3.68069177024762e-19,0.0531452329726702,0.0487115273552229,2016,1,"winter",10.8636111111111,13,3.64520805502397
"42",2016-01-13,"synecho","KM1601",1.1397347432613,0.1120284619,0.1120284619,0.137788364983868,10,11,0.0363269507023312,0.00213481255695571,3.75539553381371e-08,-2.17042281945028,0.0126297214089129,3.89022118250623e-17,0.0384617632592869,0.0341921381453755,2016,1,"winter",10.8636111111111,13,0.0629381946592082
"43",2016-01-14,"euk","KM1601",0.997125149247174,0.329233581075,0.329233581075,0.507101035571797,10,11,0.0990007389770903,0.00841962457534183,9.15515163572491e-07,-1.22823500828942,0.0498111707314685,1.42288403628405e-09,0.107420363552432,0.0905811144017485,2016,1,"winter",10.8747222222222,14,0.564869095306631
"44",2016-01-14,"prochloro","KM1601",212.513434204379,0.021565361175,0.021565361175,0.0289863856091042,10,11,0.0544034591903734,0.00245014960160634,3.60430581242288e-09,-3.82780152479281,0.0144952805236328,8.14960329372991e-19,0.0568536087919798,0.0519533095887671,2016,1,"winter",10.8747222222222,14,3.73097716899109
"45",2016-01-14,"synecho","KM1601",1.21473607508114,0.104932599025,0.104932599025,0.131923604668793,10,11,0.0420313464118393,0.00227807575470603,1.84694755474074e-08,-2.24464595965845,0.0134772779167858,5.15683790277343e-17,0.0443094221665453,0.0397532706571333,2016,1,"winter",10.8747222222222,14,0.0745870686689266
"46",2016-02-09,"euk","KM1602",1.56806177520465,0.318686865525,0.318686865525,0.405377509239497,10,11,0.0474983248734594,0.00819971417191497,0.000261866121401701,-1.15485550669453,0.0485101632396615,1.94366628578413e-09,0.0556980390453744,0.0392986107015445,2016,2,"winter",11.2827777777778,40,0.350321576757538
"47",2016-02-09,"prochloro","KM1602",222.44309447345,0.023587923,0.023587923,0.029242087158185,10,11,0.0342611156976315,0.00406662656338708,1.46046334356077e-05,-3.70994804316273,0.0240584871970702,1.03110505636337e-16,0.0383277422610186,0.0301944891342445,2016,2,"winter",11.2827777777778,40,2.56961292763719
"48",2016-02-09,"synecho","KM1602",1.58443033838861,0.1223516632,0.1223516632,0.139393370766759,10,11,0.0215205622248997,0.00459070172416657,0.00113950164164019,-2.08128771427006,0.0271589576605824,5.55109842807729e-14,0.0261112639490663,0.0169298605007332,2016,2,"winter",11.2827777777778,40,0.0543304461525872
"49",2016-02-10,"euk","KM1602",1.15435830109955,0.32045228845,0.312626617025,0.477360074001901,10,11,0.0953492963682736,0.00921792571330144,2.69861001655442e-06,-1.26624955105661,0.0545339839545768,2.42541183703856e-09,0.104567222081575,0.0861313706549721,2016,2,"winter",11.3016666666667,41,0.630504443103755
"50",2016-02-10,"prochloro","KM1602",222.613398945822,0.0225646035,0.0225646035,0.0285921389963583,10,11,0.0449863518211306,0.00320771958093363,2.02019801385728e-07,-3.79005948149542,0.0189771249626142,1.00630474058411e-17,0.0481940714020643,0.041778632240197,2016,2,"winter",11.3016666666667,41,3.33305394476319
"51",2016-02-10,"synecho","KM1602",1.00225966521611,0.10076417545,0.10034589105,0.121570737376688,10,11,0.0354192078890444,0.00448311845764863,2.44572948249387e-05,-2.29137198316841,0.0265224864725358,1.88972029564432e-14,0.0399023263466931,0.0309360894313958,2016,2,"winter",11.3016666666667,41,0.0498942266006046
"52",2016-02-11,"prochloro","KM1602",233.827171803144,0.024162174625,0.024162174625,0.0283844328112745,11,11,0.0302002606180409,0.00262460347234351,1.1001530201766e-06,-3.74571335003977,0.0177833282764146,6.23472082850832e-18,0.0328248640903844,0.0275756571456974,2016,2,"winter",11.3211111111111,42,2.25116889477323
"53",2016-02-11,"synecho","KM1602",0.836485984748389,0.11173259740625,0.097803989025,0.114911996375144,11,11,0.0186053527478807,0.00503555346004933,0.00496036891456288,-2.27667879834002,0.0341190207119304,1.92546833914191e-13,0.02364090620793,0.0135697992878314,2016,2,"winter",11.3211111111111,42,0.0201269312448774
"54",2016-03-08,"euk","KM1603",1.27476587194228,0.4510139769,0.4510139769,0.553563502648559,6,7,0.0800113974149924,0.00986508441480038,0.00046215918457293,-0.845542540908003,0.0355690676943434,2.45352124421614e-06,0.0898764818297928,0.070146313000192,2016,3,"spring",11.8663888888889,68,0.867056694482566
"55",2016-03-08,"prochloro","KM1603",208.460866283117,0.02206557975,0.02206557975,0.0247956075055764,6,7,0.0378780542362721,0.00153696150093811,2.05139665982909e-06,-3.81360792742582,0.00554159350004646,1.22966596919999e-13,0.0394150157372102,0.036341092735334,2016,3,"spring",11.8663888888889,68,2.6106821619098
"56",2016-03-08,"synecho","KM1603",1.36445597916871,0.107334901225,0.107334901225,0.119314919769653,6,7,0.038416406553581,0.00246136887878581,1.96195697044827e-05,-2.24425846982569,0.00887459170029356,1.83488413459391e-11,0.0408777754323668,0.0359550376747952,2016,3,"spring",11.8663888888889,68,0.0835351741103832
"57",2016-03-09,"prochloro","KM1603",247.875014807254,0.0210159790833333,0.0208980178421053,0.0259129872316707,9,10,0.0578152346935091,0.00381476501840166,3.55696634055623e-07,-3.92767067770901,0.0203652723072931,5.84686449733196e-16,0.0616299997119107,0.0540004696751074,2016,3,"spring",11.8883333333333,69,4.82388247149323
"58",2016-03-09,"synecho","KM1603",1.56509933172595,0.096104963875,0.0926306702894737,0.116105155786603,9,10,0.0547824327048377,0.00415435813028757,1.04176395510469e-06,-2.41282066655959,0.0221782034220214,5.69340599408048e-14,0.0589367908351253,0.0506280745745502,2016,3,"spring",11.8883333333333,69,0.128676655198949
"59",2016-04-13,"euk","KOK1604",1.58304634568124,0.625653216230769,0.524435564105263,0.745579090900307,8,9,0.0747555975465283,0.0183283422308074,0.00469744756552368,-0.842737997225787,0.136747940302884,0.000461757557135288,0.0930839397773358,0.0564272553157209,2016,4,"spring",12.6511111111111,104,1.07325006429836
"60",2016-04-13,"prochloro","KOK1604",146.478468102504,0.0309488636153846,0.02892135475,0.0344684704343605,8,9,0.0416585309161036,0.00865742750619884,0.00193951335391288,-3.66679723689379,0.0645931511364008,1.3808306865586e-10,0.0503159584223024,0.0330011034099047,2016,4,"spring",12.6511111111111,104,2.59772754017281
"61",2016-04-13,"synecho","KOK1604",2.2816300580483,0.142525514576923,0.119593377,0.145172429403771,8,9,0.0433449827173195,0.0138590971306552,0.0166667810929086,-2.24432060983624,0.103402858982474,1.11167216715922e-07,0.0572040798479747,0.0294858855866643,2016,4,"spring",12.6511111111111,104,0.176652509626869
"62",2016-04-14,"euk","KOK1604",1.94470473309685,0.575768391375,0.575768391375,0.857733471466194,12,13,0.0504460663054937,0.00407751177560554,8.49602919978585e-08,-0.474733337438031,0.0288323622689868,4.25666410556177e-09,0.0545235780810993,0.0463685545298882,2016,4,"spring",12.6719444444444,105,1.08275715233058
"63",2016-04-14,"prochloro","KOK1604",141.914928367762,0.021199646075,0.021199646075,0.0303675994959852,12,13,0.0543124650114345,0.00281669351956665,7.90665191337947e-10,-3.84132764438055,0.0199170308820978,9.13209431716302e-21,0.0571291585310011,0.0514957714918678,2016,4,"spring",12.6719444444444,105,3.0164200090363
"64",2016-04-14,"synecho","KOK1604",0.995923709524096,0.106492309,0.106492309,0.131204035698212,12,13,0.0345298621451347,0.00308731969467759,2.38994257804222e-07,-2.24735230887698,0.021830646917973,9.08048615188289e-18,0.0376171818398123,0.0314425424504571,2016,4,"spring",12.6719444444444,105,0.0577730881315027
"65",2016-04-15,"euk","KOK1604",1.95959202491209,0.532718591763158,0.532718591763158,0.829251424467308,12,13,0.0577295029828995,0.00608259373502685,1.24295631375397e-06,-0.559369483221964,0.043010432772403,5.06645076892243e-08,0.0638120967179264,0.0516469092478727,2016,4,"spring",12.6927777777778,106,1.21053124701077
"66",2016-04-15,"prochloro","KOK1604",143.376495314379,0.0225356482105263,0.0225356482105263,0.0351017822281377,12,13,0.0652826650013898,0.00822652447868,7.05316624318404e-06,-3.77685311735648,0.0581703124447176,1.43411840407874e-15,0.0735091894800698,0.0570561405227097,2016,4,"spring",12.6927777777778,106,4.23499110510489
"67",2016-04-15,"synecho","KOK1604",1.39490455003878,0.118060958684211,0.118060958684211,0.143807906951923,12,13,0.0301853879697688,0.00552887839344608,0.000197946704311762,-2.12928413955857,0.0390950740436151,9.8550302951412e-15,0.0357142663632149,0.0246565095763227,2016,4,"spring",12.6927777777778,106,0.0774482608278294
"68",2016-07-10,"euk","KOK1608",7.29917046393782,0.964835674,0.844167013361111,1.36373007495147,8,9,0.103492834337604,0.0130867984861614,9.81138990086617e-05,-0.557525959917909,0.110012166689096,0.00145056115604203,0.116579632823765,0.0904060358514425,2016,7,"summer",13.4408333333333,192,12.6184012699896
"69",2016-07-10,"prochloro","KOK1608",244.19402860538,0.037181131,0.0321363951944444,0.0402824908364969,8,9,0.0522260493158366,0.0142042557628728,0.00789309358580616,-3.64389586853336,0.119405900100939,1.046828018316e-08,0.0664303050787095,0.0380217935529638,2016,7,"summer",13.4408333333333,192,6.49881018575922
"70",2016-07-10,"synecho","KOK1608",7.47157627255835,0.1811442505,0.160405598277778,0.203357277989506,8,9,0.0386367997428665,0.0128670101161551,0.0198638693250175,-1.9109594372607,0.108164549426323,4.58813351776224e-07,0.0515038098590215,0.0257697896267114,2016,7,"summer",13.4408333333333,192,0.752586651735772
"71",2016-07-11,"euk","KOK1608",6.47702032537273,1.041295601575,1.01214386194737,1.97634162734946,12,13,0.120400729911515,0.0123055768235094,9.18944712512805e-07,-0.158361727305556,0.0870135681831555,0.0960568096596989,0.132706306735025,0.108095153088006,2016,7,"summer",13.4316666666667,193,22.3285152943425
"72",2016-07-11,"prochloro","KOK1608",218.099095069404,0.0252463464,0.0252463464,0.029318851722031,12,13,0.0191688347254087,0.00253077380089957,1.09435858932883e-05,-3.64755111356849,0.0178952731626534,4.97243732242568e-21,0.0216996085263083,0.0166380609245092,2016,7,"summer",13.4316666666667,193,1.6686906587182
"73",2016-07-12,"euk","KOK1608",2.4456752835932,2.616693794,2.579374779975,3.011741003235,12,12,0.0198429951919517,0.00553560882913065,0.00497344996128687,0.970681616531432,0.0407096265804517,3.82466414483331e-10,0.0253786040210824,0.0143073863628211,2016,7,"summer",13.4219444444444,194,1.97014914512377
"74",2016-07-12,"prochloro","KOK1608",250.709917913177,0.0237479918,0.0237479918,0.0307493650852698,12,12,0.0400503244607227,0.00245540910946865,1.55889627738562e-08,-3.74958207184406,0.0180574153691431,1.64955283251214e-19,0.0425057335701914,0.0375949153512541,2016,7,"summer",13.4219444444444,194,4.19869977879524
"75",2016-07-12,"synecho","KOK1608",1.0934262238157,0.1131801021,0.103756037294118,0.12896948796017,12,12,0.0270549054831852,0.00366133606196264,2.3439140641763e-05,-2.22725664956257,0.0269259675798748,1.63006177867572e-15,0.0307162415451479,0.0233935694212226,2016,7,"summer",13.4219444444444,194,0.0516180685592528
"76",2016-08-08,"croco","KOK1609",0.451621381142754,1.58192133125,1.58192133125,2.03510238540083,8,9,0.0659565584266063,0.00323893261587181,1.72647899673698e-07,0.168114500878242,0.0272275908587444,0.000456503773009251,0.0691954910424781,0.0627176258107345,2016,8,"summer",13.0402777777778,221,0.728453601473016
"77",2016-08-08,"euk","KOK1609",3.01162762402144,1.19456375632143,0.865767131421053,1.30767448609918,8,9,0.086660906191193,0.0285228718959459,0.0188922669715863,-0.470103819540559,0.239773153134943,0.0907368908703671,0.115183778087139,0.0581380342952471,2016,8,"summer",13.0402777777778,221,3.94466989829142
"78",2016-08-08,"prochloro","KOK1609",168.119540615501,0.0189657309642857,0.0189657309642857,0.0222154211930265,8,9,0.0419127267862996,0.00353957327124868,6.95269732254445e-06,-4.14841626692014,0.0297548804726109,2.57643910643835e-13,0.0454523000575483,0.038373153515051,2016,8,"summer",13.0402777777778,221,1.93059602437228
"79",2016-08-08,"synecho","KOK1609",1.09505530113473,0.0942915022857143,0.0942915022857143,0.0994015970937506,8,9,0.0132780337042242,0.00224136523960719,0.000585105703100876,-2.41551543128832,0.0188416935289065,4.63415645156945e-13,0.0155193989438314,0.011036668464617,2016,8,"summer",13.0402777777778,221,0.0184906808465762
"80",2016-08-09,"euk","KOK1609",3.72452704278303,1.050480229425,1.050480229425,1.6736908093247,12,13,0.0764897137490133,0.00270967129414472,1.29200675647604e-11,0.0148299085311411,0.0191602694687626,0.455248535116993,0.079199385043158,0.0737800424548686,2016,8,"summer",13.0225,222,6.45527590770904
"81",2016-08-09,"prochloro","KOK1609",215.99702543173,0.0170336636,0.0170336636,0.0255379241469636,12,13,0.0554672209850256,0.00243781921375939,1.33443853253852e-10,-4.0217979440247,0.0172379849735612,1.12545945233872e-21,0.057905040198785,0.0530294017712663,2016,8,"summer",13.0225,222,4.10000835523127
"82",2016-08-09,"synecho","KOK1609",2.12648441085205,0.089575356125,0.089575356125,0.101557389874798,12,13,0.0119586457689189,0.00178937112879194,3.45342271444366e-05,-2.36010697082533,0.0126527645922821,1.31868416420583e-20,0.0137480168977109,0.010169274640127,2016,8,"summer",13.0225,222,0.033830823231099
"83",2016-08-10,"euk","KOK1609",3.44465041127904,1.00230602275,1.00230602275,1.67897230255288,12,13,0.0782398193834658,0.00360651897611571,2.2302999425468e-10,0.00531718914501665,0.0255019402448938,0.838648050735826,0.0818463383595815,0.0746333004073501,2016,8,"summer",13.0044444444444,223,6.11628950432666
"84",2016-08-10,"prochloro","KOK1609",209.072404938653,0.01670907655,0.01670907655,0.0234226755557692,12,13,0.0503637147818334,0.00225206810374948,1.60757921208146e-10,-4.07428106714464,0.0159245262785519,4.08175592478284e-22,0.0526157828855828,0.0481116466780839,2016,8,"summer",13.0044444444444,223,3.28870037963671
"85",2016-08-10,"synecho","KOK1609",1.8739987802455,0.083054048025,0.083054048025,0.09387248415,12,13,0.0187351029345796,0.000981468286598574,8.8081118457713e-10,-2.48075125911431,0.00694002880973393,1.03137213865088e-23,0.0197165712211782,0.017753634647981,2016,8,"summer",13.0044444444444,223,0.0432633261078269
"86",2017-06-20,"croco","KM1708",0.162944839106711,1.140040722875,1.140040722875,1.4354183736225,9,10,0.0479921199710761,0.00388523907888221,1.71897550654582e-06,-0.0563100799939817,0.034859061337849,0.144894927099355,0.0518773590499583,0.0441068808921939,2017,6,"summer",13.5302777777778,171,0.140821623725247
"87",2017-06-20,"euk","KM1708",1.22452371384394,0.42714678075,0.39247714385,0.495770267981316,9,10,0.0423920424604396,0.00687388331019024,0.000268909777202176,-1.07072711350304,0.0616737130133253,1.23487589980714e-07,0.0492659257706298,0.0355181591502493,2017,6,"summer",13.5302777777778,171,0.325113403728942
"88",2017-06-20,"prochloro","KM1708",223.299212307753,0.02694294475,0.02694294475,0.0303474789189474,9,10,0.0264251814290145,0.00148845611659314,1.03696898525639e-07,-3.72259987723375,0.0133546950428452,3.07155283958823e-17,0.0279136375456076,0.0249367253124213,2017,6,"summer",13.5302777777778,171,2.31983406271545
"89",2017-06-20,"synecho","KM1708",1.17709198941593,0.12789274225,0.120809464825,0.129098911115263,9,10,0.00794114864696947,0.00254348637317505,0.014182496144385,-2.11514749723948,0.0228206155900194,2.04953956981234e-13,0.0104846350201445,0.00539766227379443,2017,6,"summer",13.5302777777778,171,0.0161043808995572
"90",2017-06-21,"croco","KM1708",0.118925081591845,0.951254855125,0.951254855125,1.33895555643242,13,14,0.0543240656301007,0.00249506442889239,5.16390704455952e-11,-0.0854671331416131,0.0190835733158903,0.000754297905047696,0.0568191300589931,0.0518290012012083,2017,6,"summer",13.5302777777778,172,0.11852081044781
"91",2017-06-21,"euk","KM1708",1.43148354652199,0.380650527775,0.3732378291,0.448860464683177,13,14,0.0331149544168118,0.00352605110860291,7.02656120872003e-07,-1.02670047083157,0.0269691051130376,6.94256711633002e-14,0.0366410055254147,0.0295889033082089,2017,6,"summer",13.5302777777778,172,0.289832696545366
"92",2017-06-21,"prochloro","KM1708",249.913910375599,0.022949952,0.022949952,0.0286214167584586,13,14,0.0292616756036469,0.00214674647495787,1.15530841226576e-08,-3.75106941924357,0.0164194532498201,3.32878927794026e-23,0.0314084220786047,0.027114929128689,2017,6,"summer",13.5302777777778,172,2.85189172562623
"93",2017-06-21,"synecho","KM1708",1.48182869877893,0.11763218165,0.11763218165,0.128501936598214,13,14,0.0116558910963408,0.00123980985375268,6.94851322092978e-07,-2.12882663901846,0.00948272195614429,4.10521672035727e-23,0.0128957009500935,0.0104160812425882,2017,6,"summer",13.5302777777778,172,0.030116759691391
"94",2017-06-22,"croco","KM1708",0.113088409554263,0.787144301875,0.787144301875,1.38081270439468,13,7,0.0555020228450982,0.00523438272547939,0.00012899304200999,-0.199283827873717,0.0515526911434244,0.0118123693865469,0.0607364055705776,0.0502676401196188,2017,6,"summer",13.53,173,0.10368089682019
"95",2017-06-22,"euk","KM1708",1.35344778561888,0.339442206375,0.339442206375,0.4800130333118,13,7,0.0319950344529086,0.00716762681634763,0.00661697373740205,-1.03134335485563,0.0705929372905483,2.71354413966491e-05,0.0391626612692562,0.024827407636561,2017,6,"summer",13.53,173,0.261398086785663
"96",2017-06-22,"prochloro","KM1708",235.681185364598,0.0217873385,0.0217873385,0.0286461187721289,13,7,0.0290162369893594,0.00205683176007016,3.22100236408681e-05,-3.82038995892684,0.020257443527149,7.95349023270831e-11,0.0310730687494296,0.0269594052292893,2017,6,"summer",13.53,173,2.48384637250584
"97",2017-06-22,"synecho","KM1708",1.32061469357613,0.1076289074375,0.1076289074375,0.12713918765035,13,7,0.0169899688349068,0.0021728160591555,0.000548544407047161,-2.21778621956936,0.0213997563960815,1.58604851242451e-09,0.0191627848940623,0.0148171527757513,2017,6,"summer",13.53,173,0.0371506607580498
"98",2017-08-04,"croco","KM1712",0.200747621542818,1.01070070475,0.8922569721,1.80246399808452,12,7,0.0801179406706104,0.00949483753246848,0.000383587362253898,-0.0544598173135448,0.0811239274385922,0.531779674404347,0.0896127782030789,0.0706231031381419,2017,8,"summer",13.1138888888889,216,0.353510510794568
"99",2017-08-04,"euk","KM1712",3.68533414388748,0.308003529775,0.308003529775,0.635559725519048,12,7,0.0851432808264819,0.0158029969159866,0.00297149772694397,-1.1502336128959,0.135020864837431,0.000366696562779136,0.100946277742469,0.0693402839104953,2017,8,"summer",13.1138888888889,216,2.3966603763181
"100",2017-08-04,"prochloro","KM1712",234.614096139573,0.0237768019,0.0237768019,0.0358012172416667,12,7,0.0448034234028974,0.0124258043956055,0.0154505935335341,-3.68254129840433,0.106166119294637,3.74658646920368e-07,0.0572292277985029,0.0323776190072919,2017,8,"summer",13.1138888888889,216,4.71957194363023
"101",2017-08-04,"synecho","KM1712",5.62633791245228,0.130190952825,0.1271186697,0.163544843771429,12,7,0.031251531978343,0.00433885596891973,0.000803652772170718,-2.04852132548276,0.0370712016488435,3.67081162487535e-08,0.0355903879472627,0.0269126760094232,2017,8,"summer",13.1138888888889,216,0.367447647205661
"102",2017-11-08,"croco","KM1717",0.100056547527356,1.052602502875,1.038041238225,1.5617443625885,10,11,0.0822494927077456,0.0042256996841822,1.15355891600281e-08,0.000474625944607744,0.0249995764710408,0.985267018980968,0.0864751923919278,0.0780237930235634,2017,11,"fall",11.16,312,0.150560219746761
"103",2017-11-08,"euk","KM1717",1.81621939416395,0.454091414775,0.454091414775,0.744395233304454,10,11,0.046352753339503,0.0169200714913016,0.0228657934729965,-0.549845140748309,0.10010049287829,0.000383680620355884,0.0632728248308046,0.0294326818482013,2017,11,"fall",11.16,312,0.71002631209536
"104",2017-11-08,"prochloro","KM1717",217.341195982334,0.0177359369,0.0177359369,0.0265572960810934,10,11,0.0722229906153755,0.00306101745911988,2.10420257785173e-09,-4.01548824313952,0.0181092235056141,3.926439210141e-18,0.0752840080744954,0.0691619731562557,2017,11,"fall",11.16,312,4.85615654141325
"105",2017-11-08,"synecho","KM1717",1.48043272157925,0.074609401625,0.074609401625,0.0920052909780749,10,11,0.0387217856404197,0.00162344697588054,1.91128528260583e-09,-2.58712835111642,0.00960444183294109,6.81613012305488e-19,0.0403452326163003,0.0370983386645392,2017,11,"fall",11.16,312,0.0602065267998992
"106",2017-11-09,"croco","KM1717",0.0896582877816756,0.961178140575,0.961178140575,1.36599408125793,10,11,0.0671551559411908,0.00750573298272621,8.95899512077946e-06,-0.0485256285559335,0.0444045151564505,0.30286463385833,0.074660888923917,0.0596494229584646,2017,11,"fall",11.1427777777778,313,0.0950965440464941
"107",2017-11-09,"prochloro","KM1717",227.57755750437,0.01694944155,0.01694944155,0.0245668667631204,10,11,0.0699540498886386,0.00532382711005242,3.54208533962313e-07,-4.08114091625491,0.0314961859344988,4.93407903103579e-16,0.075277876998691,0.0646302227785861,2017,11,"fall",11.1427777777778,313,4.53649946997063
"108",2017-11-09,"synecho","KM1717",1.17954986136309,0.070134198175,0.070134198175,0.08426619141089,10,11,0.0321153245349757,0.00417334185164291,3.01437438724629e-05,-2.64019058995628,0.0246898233564681,2.77598663885967e-15,0.0362886663866186,0.0279419826833328,2017,11,"fall",11.1427777777778,313,0.0362095994832134
"109",2017-11-10,"croco","KM1717",0.0788502238680486,0.830541374775,0.830541374775,1.18061466880638,8,7,0.0966561299455458,0.00740296919639026,4.70187133884838e-05,-0.217740583838147,0.0334599232941366,0.00127992308671438,0.104059099141936,0.0892531607491556,2017,11,"fall",11.1258333333333,314,0.122474484291603
"110",2017-11-10,"euk","KM1717",0.572766692979744,0.5692833039,0.4951481838,0.639987172739373,8,7,0.0665064430715722,0.0236180020969801,0.0372872203904914,-0.713549814095673,0.106748592025892,0.0011326876714405,0.0901244451685523,0.0428884409745921,2017,11,"fall",11.1258333333333,314,0.307483518727986
"111",2017-11-10,"prochloro","KM1717",207.67483836762,0.01491359235,0.01491359235,0.0215614739251074,8,7,0.0853057467047268,0.00668229511070596,5.24691498988953e-05,-4.17029022076379,0.030202622204889,3.77965083385658e-10,0.0919880418154327,0.0786234515940208,2017,11,"fall",11.1258333333333,314,5.07965511467536
"112",2017-11-10,"synecho","KM1717",0.973825805540959,0.062615458275,0.062615458275,0.078178102923212,8,7,0.0530889202334341,0.00401614371086072,4.42653098619583e-05,-2.74950500058631,0.0181521571870316,2.37941239305059e-10,0.0571050639442948,0.0490727765225734,2017,11,"fall",11.1258333333333,314,0.0501507722230221
"113",2018-01-17,"euk","KM1802",1.17701819116176,0.3991324643,0.34840871725,0.453972281342298,10,11,0.034604828196323,0.0132700451632485,0.0283757290128617,-0.976867830759876,0.0785066459111132,5.65045233023042e-07,0.0478748733595715,0.0213347830330745,2018,1,"winter",10.9166666666667,17,0.20341011482155
"114",2018-01-17,"prochloro","KM1802",174.855873858443,0.02165787895,0.02165787895,0.0274326140746393,10,11,0.0415008934247833,0.00231151268278436,2.34685297159222e-08,-3.81224093058147,0.0136750934509989,5.00512301925062e-19,0.0438124061075676,0.0391893807419989,2018,1,"winter",10.9166666666667,17,2.21451832868542
"115",2018-01-17,"synecho","KM1802",1.33031900506665,0.11491217205,0.11491217205,0.13544562383722,10,11,0.0271694227179212,0.00302851897404249,8.76488220562783e-06,-2.1390678191769,0.0179169598750663,1.03064062112007e-15,0.0301979416919637,0.0241409037438787,2018,1,"winter",10.9166666666667,17,0.0540925435769183
"116",2018-01-18,"euk","KM1802",1.14565888854068,0.159336622815789,0.159336622815789,0.274303262076988,10,11,0.0666481382247174,0.0197804889342107,0.00826501193223355,-1.66754291555051,0.11702295068351,1.76011758739985e-07,0.0864286271589282,0.0468676492905067,2018,1,"winter",10.9294444444444,18,0.231724645813156
"117",2018-01-18,"prochloro","KM1802",202.883458058059,0.0196722081578947,0.0196722081578947,0.0270178075056419,10,11,0.0627281439861893,0.00309622248250029,8.10319671481817e-09,-3.94488859001945,0.0183174992326985,5.10515656256695e-18,0.0658243664686896,0.059631921503689,2018,1,"winter",10.9294444444444,18,3.86730798123611
"118",2018-01-18,"synecho","KM1802",1.85240665038397,0.1006140385,0.1006140385,0.134124195672342,10,11,0.0518232277628003,0.00260254268336174,9.43733258401535e-09,-2.28167233677673,0.0153968501536902,1.47485835214109e-16,0.054425770446162,0.0492206850794386,2018,1,"winter",10.9294444444444,18,0.144119565277112
"119",2018-02-26,"euk","KM1805",0.836597353987125,0.5241528215,0.5241528215,1.28687797114729,11,12,0.0903623886490138,0.0122420019758441,2.36582616262931e-05,-0.295525378230264,0.0794944997376891,0.00399129757527861,0.102604390624858,0.0781203866731696,2018,2,"winter",11.6383333333333,57,1.15944243654796
"120",2018-02-26,"prochloro","KM1805",189.739025367376,0.0277415581176471,0.0277415581176471,0.0474205961904433,11,12,0.0710056483677635,0.00495731454203898,5.44348687550686e-08,-3.46929105789881,0.0321907511810041,1.15955488872517e-16,0.0759629629098025,0.0660483338257245,2018,2,"winter",11.6383333333333,57,7.59245700712616
"121",2018-02-26,"synecho","KM1805",3.32389686800603,0.148707763676471,0.148707763676471,0.232515361853058,11,12,0.0563266817503529,0.00480741917441125,3.65645123952719e-07,-1.78808956035104,0.0312173926334336,6.38434286926149e-14,0.0611341009247641,0.0515192625759416,2018,2,"winter",11.6383333333333,57,0.514984880995631
"122",2018-02-27,"prochloro","KM1805",201.04917857086,0.0332615310555556,0.0332615310555556,0.0416843277222913,8,9,0.0642586040566046,0.00711273635960759,4.16142574641569e-05,-3.45005837133018,0.0338633984288214,2.31309250206974e-12,0.0713713404162122,0.057145867696997,2018,2,"winter",11.6597222222222,58,7.11846445498138
"123",2018-02-27,"synecho","KM1805",3.17999817132693,0.192703496583333,0.1919559271,0.208619810789669,8,9,0.022247710105204,0.00265649952436288,6.79650018266396e-05,-1.65805560930811,0.0126474674824638,3.96329461101334e-13,0.0249042096295669,0.0195912105808411,2018,2,"winter",11.6597222222222,58,0.179416097198318
"124",2018-04-05,"euk","FK180310-2",0.968920350894413,0.4696496540625,0.4696496540625,0.820484041220738,9,10,0.0731295873936392,0.011364831466379,0.000201549411904799,-0.770468599660584,0.0912731117565204,2.96083685624982e-05,0.0844944188600181,0.0617647559272602,2018,4,"spring",12.47,95,0.667736524398248
"125",2018-04-05,"prochloro","FK180310-2",218.872412870313,0.032690919375,0.032690919375,0.0383338338788889,9,10,0.0330396724025965,0.00446081105701308,7.57120978614126e-05,-3.51450547169204,0.0358256175937118,1.3018308902147e-13,0.0375004834596096,0.0285788613455834,2018,4,"spring",12.47,95,3.32120683277124
"126",2018-04-05,"synecho","FK180310-2",4.18215902115046,0.1451817640625,0.1451817640625,0.162677667851528,9,10,0.0178602505513534,0.00266245540696142,0.000151423014130194,-1.95148390763468,0.0213826831154733,2.31896864757762e-13,0.0205227059583148,0.015197795144392,2018,4,"spring",12.47,95,0.148216150097299
"127",2018-04-17,"euk","KOK1801",2.15752106065924,0.4700874169,0.0721340761052632,0.671877747746806,12,13,0.152624851604126,0.0510427299815276,0.0122946448205362,-1.58414150765002,0.360926605002121,0.00108262281091877,0.203667581585654,0.101582121622599,2018,4,"spring",12.7233333333333,107,2.64294580437598
"128",2018-04-17,"prochloro","KOK1801",199.528963669687,0.02455866995,0.02455866995,0.0330246326834458,12,13,0.0553486330210155,0.004943151614151,2.36266600896552e-07,-3.76575210952868,0.034953360267994,5.5076624174484e-18,0.0602917846351665,0.0504054814068645,2018,4,"spring",12.7233333333333,107,4.72198803618433
"129",2018-04-17,"synecho","KOK1801",3.32167564300908,0.132650200125,0.110198573815789,0.152359445018331,12,13,0.0445579315258237,0.0092852776758293,0.000554438075429468,-2.16900773886675,0.0656568280977897,2.33420963549639e-12,0.053843209201653,0.0352726538499944,2018,4,"spring",12.7233333333333,107,0.289602198947362
"130",2018-04-18,"euk","KOK1801",0.553965745824393,0.140731472236842,0.0481153862631579,0.661673551603787,12,12,0.259950520643457,0.0720654034236155,0.00479073093914285,-2.67143329482459,0.510003827169928,0.000379855248574746,0.332015924067073,0.187885117219842,2018,4,"spring",12.7438888888889,108,1.01369339306171
"131",2018-04-18,"prochloro","KOK1801",217.433978770577,0.0229182028421053,0.0228357039,0.0311122756830803,12,12,0.0589851504223549,0.0062320084570543,2.62526354717635e-06,-3.84967033264958,0.0441036615776652,9.52797863264689e-16,0.0652171588794092,0.0527531419653006,2018,4,"spring",12.7438888888889,108,5.18666719003796
"132",2018-04-18,"synecho","KOK1801",1.61197221299164,0.0900734702368421,0.08814580615,0.135772609897048,12,12,0.0722159976740186,0.00959729926500307,2.0053626634871e-05,-2.47050481943919,0.0679196829978855,5.86423219098447e-12,0.0818132969390217,0.0626186984090155,2018,4,"spring",12.7438888888889,108,0.20579246569895
"133",2018-04-19,"euk","KOK1801",0.620666869625239,0.200045707425,0.190540129263158,0.689807875422054,12,13,0.152132079266879,0.0291508589792614,0.000286042875856632,-1.48619503671415,0.206127700616485,1.73012442857876e-05,0.18128293824614,0.122981220287617,2018,4,"spring",12.7638888888889,109,0.83845302399141
"134",2018-04-19,"prochloro","KOK1801",210.336753988371,0.02628316245,0.02083931205,0.0355375810292398,12,13,0.0729286216344551,0.0119836801834848,7.89687192547064e-05,-3.82384350311153,0.0847374152131298,7.73560056731347e-14,0.0849123018179399,0.0609449414509702,2018,4,"spring",12.7638888888889,109,7.06028278134731
"135",2018-04-19,"synecho","KOK1801",2.02148086865549,0.125601324325,0.10237618445,0.147629728698178,12,13,0.0392240664546586,0.00894009842473474,0.00108562100568756,-2.16535230513784,0.0632160422060511,1.57310019171972e-12,0.0481641648793933,0.0302839680299238,2018,4,"spring",12.7638888888889,109,0.150676697155719
"136",2018-05-15,"prochloro","KOK1803",244.186870091084,0.0310492210909091,0.0310492210909091,0.0350732748280664,6,7,0.0351164557126728,0.00617710530285965,0.00234690995928574,-3.70427710961796,0.0629943609535977,2.69122587389345e-08,0.0412935610155324,0.0289393504098131,2018,5,"spring",13.2327777777778,135,3.55584759027543
"137",2018-05-15,"synecho","KOK1803",1.91413162396379,0.134301467318182,0.13358349,0.147052415444264,6,7,0.0244278988359135,0.00739127782571429,0.0213584711984588,-2.16295559086666,0.0753765397274056,9.62969174436618e-07,0.0318191766616278,0.0170366210101992,2018,5,"spring",13.2327777777778,135,0.0839906680923108
"138",2018-05-16,"prochloro","KOK1803",212.983999210331,0.02482469865,0.02482469865,0.031775024443609,6,7,0.0718182398106655,0.0159724912426272,0.00642097361056954,-3.67754423809961,0.0575896361721919,1.78277113242645e-08,0.0877907310532927,0.0558457485680383,2018,5,"spring",13.2477777777778,136,8.5594761471156
"139",2018-05-16,"synecho","KOK1803",1.63531611640274,0.12291330785,0.12291330785,0.133829499012594,6,7,0.0307589790933661,0.00556768907706053,0.00266249773215102,-2.10568090973647,0.0200745884531825,1.49331521934152e-09,0.0363266681704267,0.0251912900163056,2018,5,"spring",13.2477777777778,136,0.100165129189825
"140",2018-06-26,"euk","KOK1804",0.594303337940717,0.329661867763158,0.329661867763158,0.47584859412537,13,13,0.0486315322603958,0.00959715666238562,0.000362122227222738,-1.09034846649384,0.0744820787582013,1.47232317145351e-08,0.0582286889227814,0.0390343755980101,2018,6,"summer",13.5241666666667,177,0.185832582043267
"141",2018-06-26,"prochloro","KOK1804",200.407990566359,0.0240684328947368,0.0240684328947368,0.0395989735877016,13,13,0.0641142845250896,0.00666553775820569,1.0886583993698e-06,-3.6865525030255,0.0517302286226338,5.15988328487853e-16,0.0707798222832953,0.0574487467668839,2018,6,"summer",13.5241666666667,177,6.93008490160568
"142",2018-06-26,"synecho","KOK1804",1.35885949219836,0.103906642210526,0.103906642210526,0.137779798207068,13,13,0.0358194268479028,0.00397881057909873,2.0903642166761e-06,-2.22873057904844,0.0308789460609608,4.48796666508095e-16,0.0397982374270016,0.0318406162688041,2018,6,"summer",13.5241666666667,177,0.0911819167191538
"143",2018-06-27,"euk","KOK1804",0.533395885518843,0.343443249375,0.29812882405,0.676173155274508,13,12,0.0910185978988162,0.00876309220793932,1.12156875532255e-06,-1.108936715141,0.0718181608567467,2.64588909808296e-08,0.0997816901067555,0.0822555056908768,2018,6,"summer",13.5213888888889,178,0.426489866896824
"144",2018-06-27,"prochloro","KOK1804",226.938702757717,0.026124759,0.025347664,0.0387895828997549,13,12,0.0579777093324301,0.00516162135015258,5.42569348238818e-07,-3.69336689189146,0.0423022083541498,9.5037918585219e-16,0.0631393306825827,0.0528160879822775,2018,6,"summer",13.5213888888889,178,6.72166290501538
"145",2018-06-27,"synecho","KOK1804",1.16002479912275,0.12025208875,0.11037018485,0.147117591469165,13,12,0.0272384607059981,0.00450464754051951,0.000124143276030294,-2.11890723801528,0.0369179616043381,6.25640439484696e-14,0.0317431082465176,0.0227338131654786,2018,6,"summer",13.5213888888889,178,0.0620681746111418
"146",2018-06-28,"euk","KOK1804",0.610780123529889,0.325919575631579,0.325919575631579,0.646681449226837,12,13,0.0909957102832735,0.00681714538533274,3.86646904506392e-08,-1.03983433573911,0.0482044973030336,2.37072954738818e-10,0.0978128556686062,0.0841785648979407,2018,6,"summer",13.5183333333333,179,0.522870640758364
"147",2018-06-28,"prochloro","KOK1804",214.373941619241,0.0255464276842105,0.0255464276842105,0.0399904761505636,12,13,0.0509333328854936,0.0071462782772675,1.92427115353784e-05,-3.54544371869918,0.0505318183010197,6.12298054319206e-16,0.0580796111627611,0.0437870546082261,2018,6,"summer",13.5183333333333,179,6.12898993469218
"148",2018-06-28,"synecho","KOK1804",1.10196435034771,0.108374162026316,0.107196524722222,0.144411116679814,12,13,0.0393365895947019,0.00445211225943876,2.50989346666056e-06,-2.18301779190564,0.0314811876925291,6.96531247882001e-16,0.0437887018541407,0.0348844773352632,2018,6,"summer",13.5183333333333,179,0.0871748312766846
"149",2018-07-24,"euk","KOK1807",0.462816770663529,0.099509682868421,0.099509682868421,0.501378624825349,12,13,0.195027930095854,0.0199243542792935,9.15048314401035e-07,-2.11689991937067,0.140886460216516,1.11940349189264e-08,0.214952284375148,0.175103575816561,2018,7,"summer",13.2866666666667,205,0.688022970586048
"150",2018-07-24,"prochloro","KOK1807",206.767659409279,0.0263348523157895,0.0263348523157895,0.0400340619015969,12,13,0.0544933763391648,0.0047263874263602,1.75275227211145e-07,-3.56640376488745,0.0334206059969413,6.11701756403512e-18,0.059219763765525,0.0497669889128046,2018,7,"summer",13.2866666666667,205,6.20926612324425
"151",2018-07-24,"synecho","KOK1807",1.10861734656454,0.108931077894737,0.108931077894737,0.149401876157557,12,13,0.0403624088912582,0.00403966875075967,7.45596853256079e-07,-2.15547756632507,0.0285647716740955,2.75391797524115e-16,0.0444020776420178,0.0363227401404985,2018,7,"summer",13.2866666666667,205,0.0911395229127589
"152",2018-07-25,"euk","KOK1807",0.479133570924368,0.335396314342105,0.335396314342105,0.747203986144877,12,13,0.105571453472835,0.00870774463504136,1.04668496705075e-07,-1.00741196340245,0.0615730528027853,4.55256552882647e-09,0.114279198107877,0.096863708837794,2018,7,"summer",13.2730555555556,206,0.535434702903439
"153",2018-07-25,"prochloro","KOK1807",175.351088256796,0.0249338050789474,0.0249338050789474,0.0364300803120333,12,13,0.0588821180080362,0.00387396120251468,9.91634118164242e-09,-3.69115515672207,0.0273930423635172,4.7094359629907e-19,0.0627560792105509,0.0550081568055216,2018,7,"summer",13.2730555555556,206,5.18229675537853
"154",2018-07-25,"synecho","KOK1807",1.02853556349571,0.124755048815789,0.124755048815789,0.148558937214853,12,13,0.0296226822521414,0.00327029091790113,1.96812629829834e-06,-2.09150191199434,0.0231244488450067,3.76554728154133e-17,0.0328929731700425,0.0263523913342403,2018,7,"summer",13.2730555555556,206,0.0611870398453184
"155",2018-07-26,"euk","KOK1807",0.542018919168639,0.292439254078947,0.292439254078947,0.694092453278413,12,13,0.108217030905548,0.0122034122531119,2.42223736493967e-06,-1.10625713994187,0.0862911555779046,5.87989293570557e-08,0.12042044315866,0.0960136186524358,2018,7,"summer",13.2586111111111,207,0.573541904969939
"156",2018-07-26,"prochloro","KOK1807",184.647532665525,0.0244870334736842,0.0244870334736842,0.0359948936989776,12,13,0.045723147014549,0.00585104927357739,8.15866424506367e-06,-3.61522428838035,0.0413731661840319,5.49909272385076e-17,0.0515741962881264,0.0398720977409717,2018,7,"summer",13.2586111111111,207,4.14167415122048
"157",2018-07-26,"synecho","KOK1807",1.11957677284634,0.114057986157895,0.114057986157895,0.146288968124307,12,13,0.0358056350938593,0.0021211119337105,3.26777471190604e-09,-2.14621044218257,0.0149985263198241,2.4322129480379e-19,0.0379267470275698,0.0336845231601488,2018,7,"summer",13.2586111111111,207,0.0795377864921128
"158",2018-11-16,"croco","KM1821",0.0319500892370551,1.22623065575,1.22623065575,1.77529402083352,7,8,0.0907246850954854,0.0156789952803611,0.00116560483045645,-0.0403788951106135,0.108060017664145,0.721496824043445,0.106403680375846,0.0750456898151243,2018,11,"fall",11.0327777777778,320,0.0528055314975397
"159",2018-11-16,"euk","KM1821",0.155657290751874,0.1277694988,0.1277694988,0.418484616474522,10,11,0.129281507620059,0.0282841344921996,0.00134533259245562,-1.62225851796851,0.167331196251773,4.62823211589518e-06,0.157565642112259,0.10099737312786,2018,11,"fall",11.0327777777778,320,0.0972269927288607
"160",2018-11-16,"prochloro","KM1821",138.87367889088,0.026567983825,0.026567983825,0.0362131114411483,10,11,0.0482809422980049,0.00337576422209848,1.70496689964797e-07,-3.5716061545676,0.0199712904668678,2.71802867621512e-17,0.0516567065201034,0.0449051780759064,2018,11,"fall",11.0327777777778,320,2.7462655227584
"161",2018-11-16,"synecho","KM1821",1.03071556933299,0.087982396475,0.087982396475,0.122543558607656,10,11,0.0410040503351634,0.00604730122060502,8.08074943614884e-05,-2.31392240947075,0.035776316493535,2.5484371599304e-13,0.0470513515557685,0.0349567491145584,2018,11,"fall",11.0327777777778,320,0.0582986811058949
"162",2018-11-17,"croco","KM1821",0.044731601219743,0.8994825874,0.8994825874,1.58316727413917,10,11,0.0887863162586116,0.0137618170608962,0.00011791507595074,-0.0299427361562235,0.0814160076926834,0.721541716476474,0.102548133319508,0.0750244991977154,2018,11,"fall",11.0175,321,0.072049844455739
"163",2018-11-17,"euk","KM1821",0.384323055247818,0.29812636995,0.29812636995,0.63773905555634,10,11,0.119808419548782,0.0125160767297264,5.1419797854179e-06,-1.12171578368038,0.0740461085044581,1.03533819648371e-07,0.132324496278509,0.107292342819056,2018,11,"fall",11.0175,321,0.343421608831597
"164",2018-11-17,"prochloro","KM1821",170.184725132735,0.0286465893,0.0286465893,0.0375073075911483,10,11,0.0541857441848611,0.00199830721484442,6.11292194617324e-10,-3.56886421763136,0.0118221449141632,2.444509121212e-19,0.0561840513997055,0.0521874369700167,2018,11,"fall",11.0175,321,3.91756210751257
"165",2018-11-17,"synecho","KM1821",1.17167893978966,0.107541419675,0.106509683525,0.131422724272488,10,11,0.0428380339850983,0.00282239867828977,1.01827045466574e-07,-2.25295885345999,0.0166975357604772,3.42834753461554e-16,0.045660432663388,0.0400156353068085,2018,11,"fall",11.0175,321,0.0742648969060178
"166",2018-11-18,"croco","KM1821",0.034113417901241,0.831809866447368,0.831809866447368,1.36703461479269,10,11,0.0950751021653344,0.00996880971204055,5.30051327936318e-06,-0.211767167651077,0.0589762735989702,0.00583223803543898,0.105043911877375,0.0851062924532939,2018,11,"fall",11.0025,322,0.0509668259131427
"167",2018-11-18,"euk","KM1821",0.393015614259102,0.308966032894737,0.29706171285,0.525884147423658,10,11,0.100586716940279,0.00769592792209581,3.70766929161074e-07,-1.19760398379425,0.0455297235921029,8.01204279867926e-10,0.108282644862375,0.0928907890181831,2018,11,"fall",11.0025,322,0.24020859835106
"168",2018-11-18,"prochloro","KM1821",151.526158826733,0.0278556343421053,0.027013046675,0.0352395012340643,10,11,0.0481061462523716,0.00439912447966834,1.6918987670723e-06,-3.59829637926257,0.0260255713975045,2.75273638449731e-16,0.0525052707320399,0.0437070217727033,2018,11,"fall",11.0025,322,2.89367878705235
"169",2018-11-18,"synecho","KM1821",1.14061754307078,0.104182711131579,0.10132325525,0.123847347067916,10,11,0.0371428731992373,0.00436643199341304,1.35107680172203e-05,-2.28210376136347,0.0258321600405102,1.54614858943543e-14,0.0415093051926504,0.0327764412058243,2018,11,"fall",11.0025,322,0.0587705967884991
"170",2018-12-11,"euk","KM1823",0.357353480937436,0.381898446722222,0.19009095735,0.595322016120627,10,11,0.163693230055295,0.0477313553756959,0.00751454208555396,-1.57900730378497,0.282382506558098,0.000337831082709795,0.211424585430991,0.115961874679599,2018,12,"winter",10.7641666666667,345,0.355442153394799
"171",2018-12-11,"prochloro","KM1823",234.448790026103,0.0300844890555556,0.0300844890555556,0.0420153239300106,10,11,0.0727086264304638,0.00539567442073954,2.8512477520358e-07,-3.56113115878355,0.0319212403567249,1.89676097474373e-15,0.0781043008512033,0.0673129520097242,2018,12,"winter",10.7641666666667,345,7.90701829085345
"172",2018-12-11,"synecho","KM1823",0.612021020117888,0.128249118555556,0.119837358972222,0.155286963522142,10,11,0.0547829064871848,0.0060776898159983,8.43190798888709e-06,-2.15307836235696,0.0359560978483779,5.09133225031662e-13,0.0608605963031831,0.0487052166711865,2018,12,"winter",10.7641666666667,345,0.057101328297055
"173",2019-01-15,"euk","KM1901",1.47191982667759,0.427114142275,0.427114142275,0.650515730038289,10,10,0.0568517174570161,0.0134446515452381,0.00288194781948209,-0.744201678772398,0.0816700335244147,1.69149883977579e-05,0.0702963690022542,0.043407065911778,2019,1,"winter",10.8888888888889,15,0.59944142505561
"174",2019-01-15,"prochloro","KM1901",278.941878359087,0.02891753525,0.02891753525,0.0366876295275,10,10,0.032617717250551,0.00563873150640196,0.000412352248386494,-3.47856526223287,0.0342526832780675,9.8710032670927e-14,0.0382564487569529,0.026978985744149,2019,1,"winter",10.8888888888889,15,3.66972725390527
"175",2019-01-15,"synecho","KM1901",1.80235578074926,0.107921120975,0.107921120975,0.121699670370658,10,10,0.0174989295841021,0.00364669865425317,0.00135802053825201,-2.19765677694836,0.0221520059738387,1.19007205799759e-13,0.0211456282383553,0.0138522309298489,2019,1,"winter",10.8888888888889,15,0.0420182772555212
"176",2019-01-16,"euk","KM1901",1.33887556320673,0.5057718739,0.488165417425,0.678508632917895,9,10,0.0697142261528093,0.00924039701351151,6.64251577671135e-05,-0.793693734289116,0.0573351556485332,7.16797088912565e-07,0.0789546231663208,0.0604738291392978,2019,1,"winter",10.9011111111111,16,0.689065482951016
"177",2019-01-16,"prochloro","KM1901",249.483481896907,0.0330228592,0.0330228592,0.0408642886581871,9,10,0.040869580795646,0.00623529529073247,0.000177624743645788,-3.43024174117296,0.0386889898221868,2.92232830792374e-13,0.0471048760863785,0.0346342855049135,2019,1,"winter",10.9011111111111,16,4.53427503897078
"178",2019-01-16,"synecho","KM1901",1.83952238053277,0.1206914911,0.116659543475,0.124547155486038,9,10,0.0104861571205282,0.0044332303698217,0.0455757700030545,-2.14184480506353,0.0275074710434913,8.2500706457075e-13,0.0149193874903499,0.00605292675070645,2019,1,"winter",10.9011111111111,16,0.026161311908426
"179",2019-01-17,"euk","KM1901",1.02414167716248,0.391059867975,0.311688846421053,0.762235704994072,10,11,0.131083046100807,0.0159583619403122,1.79137534658168e-05,-1.01486806370848,0.0944109424464673,1.95460930611162e-06,0.147041408041119,0.115124684160495,2019,1,"winter",10.9133333333333,17,1.18079240204917
"180",2019-01-17,"prochloro","KM1901",271.485363187235,0.02828889645,0.02828889645,0.0385836156215178,10,11,0.0574609572524757,0.00671071934855089,1.28102721245908e-05,-3.56047005196743,0.0397011510680174,1.35065888659327e-14,0.0641716766010266,0.0507502379039248,2019,1,"winter",10.9133333333333,17,6.73051005323968
"181",2019-01-17,"synecho","KM1901",1.73502371421122,0.10564999925,0.101822431263158,0.13025983195202,10,11,0.0397942177851954,0.00503424287441179,2.43555751746021e-05,-2.24598893911359,0.0297829824925209,6.41366818826031e-14,0.0448284606596072,0.0347599749107837,2019,1,"winter",10.9133333333333,17,0.099855993491774
"182",2019-02-19,"euk","KM1903",1.16685020782865,0.44365174725,0.44365174725,0.532316399245986,10,11,0.0455739021409707,0.00471314902867774,4.72978430791208e-06,-0.869983505868457,0.027883365683296,1.74995731901191e-10,0.0502870511696484,0.040860753112293,2019,2,"winter",11.4858333333333,50,0.336262504909814
"183",2019-02-19,"prochloro","KM1903",204.448593329417,0.02005291945,0.02005291945,0.022142867056991,10,11,0.0250454855580197,0.0017368942985803,1.58840100523658e-07,-3.93874954994639,0.0102756052452119,2.8497280182033e-20,0.0267823798566,0.0233085912594394,2019,2,"winter",11.4858333333333,50,1.32697183219336
"184",2019-02-19,"synecho","KM1903",1.33875319661783,0.0622073129,0.0622073129,0.0685539845678761,10,11,0.0215237576951018,0.00113477642521669,1.44841869166505e-08,-2.79012944945392,0.00671342786756253,1.3761254468154e-20,0.0226585341203184,0.0203889812698851,2019,2,"winter",11.4858333333333,50,0.0230585214458241
"185",2019-02-20,"euk","KM1903",1.4482655798671,0.502297055763158,0.39169447925,0.621984280335716,10,11,0.0487248840258481,0.0169921006506163,0.0185520850573536,-0.743135040758705,0.100526623131505,4.13651914613288e-05,0.0657169846764644,0.0317327833752318,2019,2,"winter",11.5066666666667,51,0.517879185633583
"186",2019-02-20,"prochloro","KM1903",220.857708617322,0.0208416694210526,0.0208416694210526,0.0245795005025917,10,11,0.0338912248082303,0.00648973814119698,0.000547531698907703,-3.88314407643458,0.0383938086147459,4.58149877516062e-15,0.0403809629494273,0.0274014866670333,2019,2,"winter",11.5066666666667,51,2.16846204214081
"187",2019-02-20,"synecho","KM1903",1.71534067472598,0.068596177131579,0.068596177131579,0.0815370598399422,10,11,0.0373553169581329,0.00752576102680607,0.000776618922252387,-2.70317261379677,0.0445230026631264,4.4971177766415e-13,0.0448810779849389,0.0298295559313268,2019,2,"winter",11.5066666666667,51,0.0617099362456686
"188",2019-02-21,"euk","KM1903",0.785656266885161,0.625669830125,0.625669830125,0.897134408880981,7,8,0.0932056628311416,0.0107291515047527,0.000128452634248164,-0.738984998878743,0.0739455737050368,5.81305278234023e-05,0.103934814335894,0.0824765113263889,2019,2,"winter",11.5275,52,0.723559384781014
"189",2019-02-21,"prochloro","KM1903",148.186967986108,0.0240444391875,0.0225559195,0.0255222809846374,7,8,0.0419916146042317,0.0112389780168604,0.00966514026189452,-3.94791989041212,0.077459310454037,3.8274132330445e-09,0.0532305926210921,0.0307526365873713,2019,2,"winter",11.5275,52,1.78029348719101
"190",2019-02-21,"synecho","KM1903",1.54091056992331,0.08267071775,0.0809917859722222,0.0892613915210109,7,8,0.0378613620394919,0.00819221194985883,0.00360919085749755,-2.66719257396533,0.0564609244521551,6.03120789907928e-09,0.0460535739893507,0.029669150089633,2019,2,"winter",11.5275,52,0.0585566890077853
"191",2019-06-11,"euk","KM1909",0.306025099749813,0.112843099947368,0.0981010312,0.328739882836951,13,14,0.143433129708389,0.0329485390942444,0.000939456713089405,-2.31696825477539,0.25200786567889,8.8091336440954e-07,0.176381668802633,0.110484590614144,2019,6,"summer",13.5066666666667,162,0.17918342210415
"192",2019-06-11,"prochloro","KM1909",193.111923448194,0.0273496812105263,0.0273496812105263,0.0380055237352351,13,14,0.0349129552975496,0.00455927450470114,5.86711367507379e-06,-3.50848749927348,0.0348717445009458,6.21981790871047e-19,0.0394722298022508,0.0303536807928485,2019,6,"summer",13.5066666666667,162,3.48370196552395
"193",2019-06-11,"synecho","KM1909",0.900394848128879,0.105176413526316,0.105176413526316,0.137676150784081,13,14,0.0246152670312977,0.00542612375747528,0.000682044856510323,-2.15047506414333,0.0415018663838038,1.75391150669491e-15,0.0300413907887729,0.0191891432738224,2019,6,"summer",13.5066666666667,162,0.0413465857923312
"194",2019-06-12,"euk","KM1909",0.363631880971044,0.143082814972222,0.143082814972222,0.514307206239192,13,14,0.175000807836626,0.0230407723317682,6.3712595677098e-06,-2.09437269761521,0.176228021591902,5.38604347588676e-08,0.198041580168394,0.151960035504858,2019,6,"summer",13.5108333333333,163,0.431580710968462
"195",2019-06-12,"prochloro","KM1909",208.69544443187,0.02551639875,0.02551639875,0.0347600519553295,13,14,0.0408815111595325,0.00227599590582092,4.87255912610396e-10,-3.63875750705677,0.0174080213049572,9.66697478240169e-23,0.0431575070653535,0.0386055152537116,2019,6,"summer",13.5108333333333,163,4.04460631195416
"196",2019-06-12,"synecho","KM1909",0.92611702584764,0.0991204598888889,0.0991204598888889,0.127914234135208,13,14,0.0365743646928549,0.00278923072762465,1.78980494787917e-08,-2.3055388475181,0.021333512862106,2.63872334019989e-19,0.0393635954204796,0.0337851339652303,2019,6,"summer",13.5108333333333,163,0.0590139989050141
"197",2019-06-13,"euk","KM1909",0.346804578392172,0.247788186552632,0.235200182225,0.551274180891423,11,12,0.161445445677018,0.0212900314396689,1.87564565528002e-05,-1.68314877034069,0.138248662435741,2.54964809790653e-07,0.182735477116687,0.14015541423735,2019,6,"summer",13.5152777777778,164,0.506684070162781
"198",2019-06-13,"prochloro","KM1909",231.469266726187,0.0230692486315789,0.0230692486315789,0.0321394578647417,11,12,0.0443731475746826,0.00431237021274191,1.22269178161872e-06,-3.69403485940681,0.0280027493396963,1.53799139025221e-17,0.0486855177874245,0.0400607773619407,2019,6,"summer",13.5152777777778,164,4.72993294545662
"199",2019-06-13,"synecho","KM1909",0.973511015279027,0.104094617710526,0.104094617710526,0.127178704353229,11,12,0.0339384907550996,0.00235901385624872,5.21836228820704e-08,-2.25594348077506,0.01531846071801,5.11743263841556e-18,0.0362975046113483,0.0315794768988509,2019,6,"summer",13.5152777777778,164,0.0593632946212989
"200",2019-07-01,"croco","KM1912",0.0207086674169148,1.82629808334375,1.787577591125,2.20219170572574,11,8,0.0385684761003659,0.0102731945593362,0.00946194890333749,0.469562227910063,0.0886714171580739,0.00183766487747698,0.0488416706597021,0.0282952815410297,2019,7,"summer",13.5069444444444,182,0.0226407572434513
"201",2019-07-01,"euk","KM1912",0.411588442674799,0.49985633645,0.49985633645,0.897082254975548,12,12,0.0855133731462901,0.00729916945451064,3.65973570511975e-07,-0.694104381130632,0.0530551384379725,1.29140262066317e-07,0.0928125426008007,0.0782142036917794,2019,7,"summer",13.5069444444444,182,0.44698931843959
"202",2019-07-01,"prochloro","KM1912",198.182426407311,0.01702094105,0.01702094105,0.0229177362688962,12,12,0.0439479354310861,0.00290326464725557,3.2028307343784e-08,-4.06147292256393,0.0211028266629745,3.5247958857597e-19,0.0468512000783416,0.0410446707838305,2019,7,"summer",13.5069444444444,182,2.7665732641854
"203",2019-07-01,"synecho","KM1912",1.0364725060362,0.06755626795,0.06755626795,0.0814070114214547,12,12,0.0314466175011258,0.0030193921623143,1.09377231407878e-06,-2.71017991616621,0.0219469174086813,2.97543011986972e-17,0.0344660096634401,0.0284272253388115,2019,7,"summer",13.5069444444444,182,0.036489271675947
"204",2019-07-02,"euk","KM1912",0.341541483164585,0.517937718571429,0.517937718571429,1.09681504649001,7,8,0.123280291960458,0.0255339288777969,0.00291590628153045,-0.999846054290958,0.224785604754998,0.00433844683262511,0.148814220838254,0.0977463630826606,2019,7,"summer",13.5022222222222,183,0.538267398319646
"205",2019-07-02,"prochloro","KM1912",150.641100879377,0.0209868458571429,0.0209868458571429,0.0249966007147086,7,8,0.0330594159532602,0.005943004700144,0.00142914503815345,-3.97338290623071,0.052318697681707,3.50830613120107e-10,0.0390024206534042,0.0271164112531162,2019,7,"summer",13.5022222222222,183,1.59424280706151
"206",2019-07-02,"synecho","KM1912",0.517494356073254,0.0760055997142857,0.0760055997142857,0.0859711619832002,7,8,0.0245719673205781,0.0043442809171687,0.00131155811991393,-2.66445253683228,0.0382444792520946,5.88382784945358e-10,0.0289162482377468,0.0202276864034094,2019,7,"summer",13.5022222222222,183,0.0141784285750928
"207",2019-08-02,"croco","KM1915",0.465824222846995,0.886875075605263,0.886875075605263,1.52964008298773,10,11,0.0951264969423415,0.00404382418811434,2.16083467152008e-09,-0.285548860762628,0.0310612029676627,7.17453312875431e-06,0.0991703211304558,0.0910826727542272,2019,8,"summer",13.1555555555556,214,0.873667847656891
"208",2019-08-02,"euk","KM1915",4.74220324574579,0.608235639631579,0.608235639631579,0.892029994595288,10,11,0.0599475678733404,0.00526584255214998,1.20447568774932e-06,-0.552656819102727,0.0404477041283924,2.5301102828126e-07,0.0652134104254904,0.0546817253211904,2019,8,"summer",13.1555555555556,214,3.27562248874955
"209",2019-08-02,"prochloro","KM1915",115.664297637611,0.0183287928421053,0.0183287928421053,0.0235829588288771,10,11,0.0421433848689212,0.0018772759218621,3.27044664530997e-09,-4.05119242060617,0.0144196299647872,4.66669549886083e-19,0.0440206607907833,0.0402661089470591,2019,8,"summer",13.1555555555556,214,1.49130399997254
"210",2019-08-02,"synecho","KM1915",2.52828669882695,0.0750410570263158,0.0750410570263158,0.0984872663153884,10,11,0.0299362274354618,0.00581121463791158,0.000601955559672454,-2.53311262110975,0.0446367866059463,8.24628655581997e-13,0.0357474420733733,0.0241250127975502,2019,8,"summer",13.1555555555556,214,0.0969030312048446
"211",2019-08-03,"croco","KM1915",0.218891840340213,1.5623442622,1.348314686225,1.87503237349757,9,10,0.0691305819579846,0.0132797330217914,0.00081667969585437,0.291545409715422,0.0708943743198753,0.00337946846077877,0.082410314979776,0.0558508489361933,2019,8,"summer",13.1391666666667,215,0.433661911357295
"212",2019-08-03,"euk","KM1915",2.02008670044588,1.1027808997,1.1027808997,1.55888001743983,9,10,0.0867113443402582,0.00493562081217085,1.12545731106589e-07,0.0216960869458118,0.0263490048169513,0.434131845059289,0.091646965152429,0.0817757235280873,2019,8,"summer",13.1391666666667,215,4.38606562792029
"213",2019-08-03,"prochloro","KM1915",143.9141327726,0.0202977933,0.0202977933,0.0246166883677047,9,10,0.0396476024941193,0.00169655302020021,1.19476694991362e-08,-3.88926406014946,0.00905711467769886,9.68567035421686e-19,0.0413441555143195,0.0379510494739191,2019,8,"summer",13.1391666666667,215,2.01289825940866
"214",2019-08-03,"synecho","KM1915",0.919365350165734,0.0850810581,0.0843927875,0.0959341665583333,9,10,0.0260929475535019,0.00576454659893891,0.00193338652398046,-2.46540414654508,0.0307742575621759,6.57152365383706e-13,0.0318574941524408,0.020328400954563,2019,8,"summer",13.1391666666667,215,0.0319476713240637
"215",2019-08-04,"croco","KM1915",0.238982945440017,1.38154563560714,1.38154563560714,2.43674866488741,7,8,0.13704485981166,0.00937749548868017,6.44246894372735e-06,-0.0495320565547144,0.0646299274942368,0.47250687630262,0.14642235530034,0.12766736432298,2019,8,"summer",13.1225,216,1.14622230517757
"216",2019-08-04,"euk","KM1915",2.07937165282852,1.35311000003571,1.35311000003571,1.92693585939103,7,8,0.100285997259211,0.0139998137698191,0.000373554981217803,-0.0250010639071571,0.0964870577616855,0.804208615734374,0.11428581102903,0.0862861834893915,2019,8,"summer",13.1225,216,5.53345608267149
"217",2019-08-04,"prochloro","KM1915",151.801539974598,0.0241827579285714,0.0241827579285714,0.0279140794661263,7,8,0.0345412172279705,0.0022380675475978,4.6789367384798e-06,-3.80632872113806,0.0154248160932795,2.98864041861664e-13,0.0367792847755683,0.0323031496803727,2019,8,"summer",13.1225,216,1.93508460999285
"218",2019-09-04,"croco","KM1917",0.2603611373079,1.16288884673684,1.1048939805,1.64881076918289,11,12,0.0802508433905644,0.00724054114042941,6.14418428646311e-07,0.0165271601464034,0.0470170807784814,0.732496694458597,0.0874913845309938,0.073010302250135,2019,9,"fall",12.5233333333333,247,0.458441551158939
"219",2019-09-04,"euk","KM1917",1.26932409342313,0.754988178342105,0.754988178342105,1.07061141992855,11,12,0.0616252888333664,0.00544752262618172,5.07773670962337e-07,-0.295006137738267,0.0353739598174013,8.16586189795923e-06,0.0670728114595481,0.0561777662071847,2019,9,"fall",12.5233333333333,247,1.09961581659471
"220",2019-09-04,"prochloro","KM1917",210.303729012159,0.0276996616315789,0.0276996616315789,0.0345909396485746,11,12,0.0403453314058594,0.00121587277547989,1.45898717902144e-11,-3.59587814360488,0.00789537513734834,6.40741215558569e-23,0.0415612041813393,0.0391294586303795,2019,9,"fall",12.5233333333333,247,3.79328360677164
"221",2019-09-04,"synecho","KM1917",0.506001316804051,0.126245466026316,0.126245466026316,0.15402162677818,11,12,0.031393431845593,0.0031274454927202,1.53516712140135e-06,-2.04966173239382,0.0203083380799356,2.23392883746108e-16,0.0345208773383132,0.0282659863528728,2019,9,"fall",12.5233333333333,247,0.0313847390672025
"222",2019-09-05,"croco","KM1917",0.298429879783246,0.976067845684211,0.976067845684211,1.53987294429105,11,12,0.0892587533181836,0.00413629647158189,1.01955565273952e-09,-0.108316351479014,0.0268593992570809,0.00238904450863178,0.0933950497897655,0.0851224568466017,2019,9,"fall",12.5022222222222,248,0.549624507108902
"223",2019-09-05,"euk","KM1917",1.2871160078518,0.670035824131579,0.6617072237,1.00354810535703,11,12,0.0697244675694806,0.00318960186006173,8.98220446632975e-10,-0.409110681188068,0.0207119558327408,2.42393189465198e-09,0.0729140694295423,0.0665348657094189,2019,9,"fall",12.5022222222222,248,1.18924035536853
"224",2019-09-05,"prochloro","KM1917",180.561385402213,0.0271246004473684,0.0271246004473684,0.0330728910875122,11,12,0.0318180917864318,0.00114840682287044,8.70065581782226e-11,-3.59008976463662,0.00745727913290422,3.67930355362487e-23,0.0329664986093023,0.0306696849635614,2019,9,"fall",12.5022222222222,248,2.43427849091134
"225",2019-09-05,"synecho","KM1917",0.619193575502266,0.122714570078947,0.122714570078947,0.149128177026949,11,12,0.0281937470200845,0.0022889715361692,2.28490732845864e-07,-2.06298289200708,0.0148636348483381,9.25468336511152e-18,0.0304827185562537,0.0259047754839153,2019,9,"fall",12.5022222222222,248,0.0332515100949372
"226",2019-09-06,"croco","KM1917",0.331711331311402,0.937491225075,0.924330099631579,1.46419089266678,11,12,0.0972150607181406,0.00603496294630072,1.75883872933697e-08,-0.212936235627267,0.0391885543964377,0.000287416977483214,0.103250023664441,0.0911800977718399,2019,9,"fall",12.4811111111111,249,0.63396818525183
"227",2019-09-06,"euk","KM1917",1.2231724460214,0.613594207875,0.613594207875,1.03933020434497,11,12,0.0903629730799918,0.00265732450566876,1.14419707391521e-11,-0.506937304358372,0.0172555667476335,4.87436860941029e-11,0.0930202975856605,0.087705648574323,2019,9,"fall",12.4811111111111,249,1.53905829381459
"228",2019-09-06,"prochloro","KM1917",172.664932140653,0.0255017091,0.0255017091,0.0343970134367481,11,12,0.0502485555958833,0.00117226581917306,1.14636061294692e-12,-3.66121028436619,0.00761220959109745,3.71428459193491e-23,0.0514208214150564,0.0490762897767103,2019,9,"fall",12.4811111111111,249,3.87094892349932
"229",2019-09-06,"synecho","KM1917",0.618095252428191,0.1175537716,0.1175537716,0.145536616623324,11,12,0.0351790527844328,0.00226353781798601,2.48524176016506e-08,-2.12842531033951,0.0146984787972745,6.05747017208007e-18,0.0374425906024188,0.0329155149664467,2019,9,"fall",12.4811111111111,249,0.0405560876122253
"230",2019-12-19,"euk","KM1924",0.610907003168978,0.4163180225,0.4163180225,0.593586223006797,9,10,0.060071444765911,0.01106747988531,0.000625013842688547,-0.870778342348225,0.0686719067301325,1.40683462438871e-06,0.071138924651221,0.0490039648806011,2019,12,"winter",10.7383333333333,353,0.231731059883247
"231",2019-12-19,"prochloro","KM1924",180.888885587838,0.028935109,0.0284365541578947,0.0331404611423157,9,10,0.048815698849308,0.00983334861386027,0.00110094102778021,-3.68928888801973,0.0610143235726313,6.21890294122948e-12,0.0586490474631683,0.0389823502354477,2019,12,"winter",10.7383333333333,353,3.11501362030714
"232",2019-12-19,"synecho","KM1924",0.767027681756606,0.1300289615,0.122317185763158,0.149702130845573,9,10,0.0449807272483393,0.00816175215459175,0.000566245081907235,-2.15724460733206,0.0506423403089732,1.01684548894789e-10,0.0531424794029311,0.0368189750937476,2019,12,"winter",10.7383333333333,353,0.0550800899135543
"233",2020-01-08,"euk","KM2001",1.17203130298468,0.42564833325,0.42564833325,0.701746570618634,10,11,0.0891602247059642,0.00504786269789383,2.70869746368437e-08,-0.839613274345111,0.0298635584548724,4.42909523494811e-10,0.094208087403858,0.0841123620080703,2020,1,"winter",10.8141666666667,8,0.821354158653766
"234",2020-01-08,"prochloro","KM2001",168.744466740158,0.0160915105,0.0160915105,0.0232431965272196,10,11,0.0609254788078249,0.00493278003483611,6.02037075572357e-07,-4.08537190830961,0.0291827202385713,2.46094938179795e-16,0.065858258842661,0.0559926987729888,2020,1,"winter",10.8141666666667,8,2.64644765169454
"235",2020-01-08,"synecho","KM2001",0.896788695681641,0.066057876625,0.066057876625,0.0939386748450957,10,11,0.0471281702781873,0.00760381837923504,0.000159255210955345,-2.6138164240673,0.0449847961877537,6.67201384062473e-13,0.0547319886574224,0.0395243518989523,2020,1,"winter",10.8141666666667,8,0.0436673991129288
"236",2020-01-30,"euk","KM2002",0.889374430286774,0.326164342975,0.326164342975,0.536104357082302,10,11,0.101305993161841,0.00680137666757695,1.19910496646889e-07,-1.18522798179701,0.0402374870002974,2.9241247301527e-10,0.108107369829418,0.0945046164942644,2020,1,"winter",11.1022222222222,30,0.565296459778292
"237",2020-01-30,"prochloro","KM2002",207.619218086134,0.0234065243,0.0234065243,0.0286899126793789,10,11,0.0338967850993851,0.00238637657586125,1.80940776354585e-07,-3.72659763113595,0.0141179942153152,8.18061244086345e-19,0.0362831616752464,0.0315104085235239,2020,1,"winter",11.1022222222222,30,2.28388318300686
"238",2020-01-30,"synecho","KM2002",1.37677680893588,0.102258856775,0.102258856775,0.125523367915589,10,11,0.0308399485689646,0.00433934128420193,5.62339488124904e-05,-2.23495954182639,0.0256718892434366,1.7638263903017e-14,0.0351792898531665,0.0265006072847626,2020,1,"winter",11.1022222222222,30,0.0601485685788424
"239",2020-01-31,"euk","KM2002",0.755371531893854,0.349014385710526,0.343258153833333,0.484926446907505,10,9,0.077562186371892,0.0130745254470524,0.000580281919531002,-1.17919869557946,0.0826905594770337,1.98205539897328e-06,0.0906367118189444,0.0644876609248396,2020,1,"winter",11.1191666666667,31,0.317990192585742
"240",2020-01-31,"prochloro","KM2002",209.211226083859,0.0230008814736842,0.0230008814736842,0.0282221736031189,10,9,0.0372765832889586,0.00280066361356355,3.16350042193405e-06,-3.77467676874828,0.0177129519576369,1.32265075824549e-14,0.0400772469025222,0.034475919675395,2020,1,"winter",11.1191666666667,31,2.46536114054533
"241",2020-01-31,"synecho","KM2002",1.15363023513488,0.0897610160526316,0.0897610160526316,0.109661176276559,10,9,0.0377156152974299,0.00628722084010111,0.000542921898495972,-2.42121211292482,0.0397638760143936,8.46092166228874e-11,0.044002836137531,0.0314283944573288,2020,1,"winter",11.1191666666667,31,0.0533805457625598
"242",2020-02-01,"euk","KM2002",0.898885498148688,0.323401251805556,0.323401251805556,0.511069943006725,10,11,0.103099284284215,0.0101916908128594,3.2504022184758e-06,-1.24721117700765,0.0602948559735594,6.74442753125781e-09,0.113290975097075,0.092907593471356,2020,2,"winter",11.1361111111111,32,0.555834666925704
"243",2020-02-01,"prochloro","KM2002",227.859313749284,0.0224537117777778,0.0224537117777778,0.0281610449771664,10,11,0.0440945796143017,0.0020948603513532,5.78184354040618e-09,-3.80018223867458,0.0123933609730576,2.12404079225327e-19,0.0461894399656549,0.0419997192629485,2020,2,"winter",11.1361111111111,32,3.23124833835417
"244",2020-02-01,"synecho","KM2002",1.44219610802519,0.0923682044444444,0.0907580206842105,0.124102028988849,10,11,0.0598057761231923,0.0033435109456772,2.42499749593832e-08,-2.40384778776742,0.0197804775102932,8.78530256629642e-16,0.0631492870688695,0.0564622651775151,2020,2,"winter",11.1361111111111,32,0.123350552573736
"245",2020-08-07,"prochloro","KM2009",173.634492725983,0.0241246491111111,0.0241246491111111,0.0315375692061592,12,13,0.0399815533145363,0.00527039014966554,1.07855558626465e-05,-3.7093906758384,0.0372672861432729,1.3148523439568e-17,0.0452519434642019,0.0347111631648708,2020,8,"summer",13.0586111111111,220,2.91554441031069
"246",2020-08-07,"synecho","KM2009",0.738144166431247,0.0812454554722222,0.0812454554722222,0.114660875367446,12,13,0.0406777263495995,0.010969734150802,0.00345208810094616,-2.43026143207419,0.0775677340584577,4.15703856855659e-12,0.0516474605004016,0.0297079921987975,2020,8,"summer",13.0586111111111,220,0.0455393898463473
"247",2020-08-08,"croco","KM2009",0.031761605490142,1.56313131834211,1.56313131834211,1.97566345053526,6,5,0.0666328587953903,0.00615147394543845,0.00168335589486835,0.0558070302639237,0.0583580059043036,0.409475033443944,0.0727843327408287,0.0604813848499518,2020,8,"summer",13.0408333333333,221,0.0464944469669894
"248",2020-08-08,"prochloro","KM2009",238.259507685101,0.026352736925,0.026352736925,0.0371239033754776,12,13,0.0588982768543581,0.00260571726496007,1.43266993239353e-10,-3.67177672918114,0.0184252034790813,6.37282920352777e-21,0.0615039941193182,0.0562925595893981,2020,8,"summer",13.0408333333333,221,7.00222951109604
"249",2020-08-08,"synecho","KM2009",0.7933079454441,0.114983205375,0.114983205375,0.142962397165331,12,13,0.0350438482630743,0.00411012177817587,3.54661125690197e-06,-2.16533539302735,0.0290629498085067,3.1669509993048e-16,0.0391539700412502,0.0309337264848985,2020,8,"summer",13.0408333333333,221,0.0527199438659394
"250",2020-08-09,"prochloro","KM2009",277.832538769339,0.0263490207894737,0.0263490207894737,0.0371922878851274,12,13,0.0576384236261562,0.00277747486125632,3.59539229918675e-10,-3.66113324904607,0.0196397130896951,1.32759140332337e-20,0.0604158984874125,0.0548609487648998,2020,8,"summer",13.0230555555556,222,7.98625923951501
"251",2020-08-09,"synecho","KM2009",0.750077190049835,0.114005565263158,0.114005565263158,0.147792018438119,12,13,0.0359698918426889,0.00313757648491933,1.85762429765863e-07,-2.13742620105724,0.0221860160897791,1.88150427351068e-17,0.0391074683276082,0.0328323153577696,2020,8,"summer",13.0230555555556,222,0.0528651090927586
"252",2020-08-10,"prochloro","KM2009",263.895028718286,0.0252265234473684,0.0252049565,0.0281705451827452,7,8,0.037838727871158,0.00271796819069853,8.55816124578712e-06,-3.70579918728461,0.011370076692743,5.63026008580658e-14,0.0405566960618565,0.0351207596804595,2020,8,"summer",13.0052777777778,223,4.12393106849904
"253",2020-08-10,"synecho","KM2009",0.680040063092939,0.0971619637894737,0.0971619637894737,0.110177246371531,7,8,0.0377938326721238,0.00392279827622793,7.15962904609633e-05,-2.34190811351427,0.0164102425493834,7.98433695960779e-12,0.0417166309483517,0.0338710343958959,2020,8,"summer",13.0052777777778,223,0.0415042266362835
"254",2020-08-31,"euk","KM2010",0.697868980067233,0.296905980694444,0.287446819815789,0.424131193850085,11,6,0.0661656336952414,0.00421309423932891,9.60234546043556e-05,-1.26796415075387,0.0301366334724761,1.90751734611553e-06,0.0703787279345703,0.0619525394559124,2020,8,"summer",12.5919444444444,244,0.25540861271567
"255",2020-08-31,"prochloro","KM2010",191.251167014588,0.0255947843333333,0.0255947843333333,0.0303781927697368,11,6,0.0324695566943785,0.00196104399858392,7.79304283516069e-05,-3.6837615394051,0.0140275201197816,1.26144068093668e-09,0.0344306006929624,0.0305085126957946,2020,8,"summer",12.5919444444444,244,2.42738322488245
"256",2020-08-31,"synecho","KM2010",0.707782065076197,0.0947335115555556,0.094716691625,0.109961185228618,11,6,0.0284933574329997,0.00243494048695794,0.000304983814057878,-2.37307783861015,0.0174173433619734,1.74050397324009e-08,0.0309282979199576,0.0260584169460417,2020,8,"summer",12.5919444444444,244,0.02846805802568
"257",2020-09-01,"croco","KM2010",0.0224493082905758,1.26461916255882,0.929758266833333,1.42035434169831,12,12,0.0565463277232338,0.00993514029620317,0.000200626101412686,-0.0380565068257814,0.0730643844186418,0.613799822572366,0.0664814680194369,0.0466111874270306,2020,9,"fall",12.5708333333333,245,0.0223822995309263
"258",2020-09-01,"euk","KM2010",0.574083923481208,0.267747211555556,0.248947064805556,0.415558589867433,12,13,0.0798486911929513,0.00646267634986286,8.61323269268244e-08,-1.40438803795909,0.0456980227160195,5.12892653191781e-12,0.0863113675428142,0.0733860148430885,2020,9,"fall",12.5708333333333,245,0.243632610533141
"259",2020-09-01,"prochloro","KM2010",183.175885416718,0.0249998086111111,0.0249998086111111,0.0311801208790598,12,13,0.0355417066706828,0.00193721162033966,1.34573735313527e-09,-3.69031475659405,0.0136981547333556,2.31365024551964e-22,0.0374789182910225,0.0336044950503432,2020,9,"fall",12.5708333333333,245,2.57580238637619
"260",2020-09-01,"synecho","KM2010",0.972182333942655,0.0919298771111111,0.0919298771111111,0.11474640837133,12,13,0.0321843358066105,0.00377151399624374,3.51739416824014e-06,-2.36634604677642,0.0266686312208392,4.64638746816565e-17,0.0359558498028543,0.0284128218103668,2020,9,"fall",12.5708333333333,245,0.0454859848293222
"261",2020-09-02,"croco","KM2010",0.0371295665777173,1.068836622,1.068836622,1.55382437000876,11,12,0.0424204347270783,0.00862794762314197,0.000607893745317382,0.150398479749807,0.0634999751456597,0.0393792032703372,0.0510483823502203,0.0337924871039363,2020,9,"fall",12.55,246,0.0303372849138343
"262",2020-09-02,"prochloro","KM2010",187.697719861683,0.027461614,0.027461614,0.0320118210654788,11,12,0.021823637380681,0.00178428310162046,2.44128116922153e-07,-3.58649139841433,0.0131319680594513,1.06520692662777e-20,0.0236079204823015,0.0200393542790606,2020,9,"fall",12.55,246,1.63782214980544
"263",2020-09-03,"croco","KM2010",0.0255423602519631,0.963475203289474,0.963475203289474,1.39457483389006,8,9,0.0895060049735397,0.00423325892483215,1.33210352146839e-07,-0.321000894796607,0.031584386162681,1.92257629103451e-05,0.0937392638983719,0.0852727460487076,2020,9,"fall",12.5288888888889,247,0.0383398682889467
"264",2020-09-03,"euk","KM2010",0.68981487956638,0.26845259259375,0.26845259259375,0.423960542347055,11,12,0.0906630571368272,0.00568400155535637,1.93456072625082e-08,-1.40694299966962,0.0369095562182462,3.68189252876304e-12,0.0963470586921835,0.0849790555814708,2020,9,"fall",12.5288888888889,247,0.357116165194052
"265",2020-09-03,"prochloro","KM2010",180.615591394353,0.025472050375,0.025472050375,0.0306020464958455,11,12,0.0321411953771004,0.000498189959347929,1.94828938689929e-14,-3.66961058939727,0.00323503963410955,6.97720315794547e-27,0.0326393853364483,0.0316430054177524,2020,9,"fall",12.5288888888889,247,2.28250863806616
"266",2020-09-03,"synecho","KM2010",0.621874394228676,0.0877658574375,0.0877658574375,0.114972917129831,11,12,0.0439627048193704,0.004789655217531,3.46642815334707e-06,-2.41738872894922,0.0311020408414356,3.03551411916038e-15,0.0487523600369014,0.0391730496018394,2020,9,"fall",12.5288888888889,247,0.0407307780380075
"267",2020-09-04,"croco","KM2010",0.020790199777016,0.819061803921053,0.819061803921053,1.26141290037201,11,11,0.0640961548991815,0.0104455120704658,0.000171548408245952,-0.174110806743509,0.0707748702315335,0.0361547698736955,0.0745416669696472,0.0536506428287157,2020,9,"fall",12.5077777777778,248,0.0214739176771636
"268",2020-09-04,"euk","KM2010",0.659070658782652,0.3030745571,0.292835663638889,0.405777100634052,11,12,0.0592390109318776,0.00331143995983746,6.36697457098165e-09,-1.24918102597456,0.0215031220823276,5.54590514304729e-14,0.0625504508917151,0.0559275709720402,2020,9,"fall",12.5077777777778,248,0.20748748805798
"269",2020-09-04,"prochloro","KM2010",188.531339933564,0.02626678905,0.02626678905,0.0295709092054825,11,12,0.0225899179692126,0.00059430665503678,3.78730063957962e-12,-3.6482669494788,0.00385918171930948,4.31682568200642e-26,0.0231842246242494,0.0219956113141758,2020,9,"fall",12.5077777777778,248,1.602709209285
"270",2020-09-04,"synecho","KM2010",0.629369485774281,0.094567743475,0.0937384263055556,0.116411588205288,11,12,0.0343778661401328,0.00404309721304118,6.87670745894714e-06,-2.34749947519691,0.0262542018025929,7.49109911628401e-16,0.038420963353174,0.0303347689270917,2020,9,"fall",12.5077777777778,248,0.0323273850619001
"271",2020-09-05,"croco","KM2010",0.0222746197108844,0.792195589325,0.792195589325,1.41316640351509,11,11,0.0749656677729524,0.0119931495305257,0.000149508032888976,-0.133962621837949,0.0812610809277908,0.133642308281965,0.0869588173034781,0.0629725182424266,2020,9,"fall",12.4863888888889,249,0.0301947982923587
"272",2020-09-05,"euk","KM2010",0.668538449277718,0.2786423925,0.2786423925,0.472207827759089,11,12,0.0892054024310905,0.00335084245693608,1.29073468939147e-10,-1.28864815070431,0.0217589856086896,4.57589818839886e-14,0.0925562448880266,0.0858545599741545,2020,9,"fall",12.4863888888889,249,0.377046413776889
"273",2020-09-05,"prochloro","KM2010",178.646994622954,0.02595900695,0.02595900695,0.0304700016034722,11,12,0.0316935442012441,0.00183590205816468,8.99868340281519e-09,-3.67159198291512,0.0119215889663448,3.2039671115114e-21,0.0335294462594088,0.0298576421430795,2020,9,"fall",12.4863888888889,249,2.20604757626978
"274",2020-09-05,"synecho","KM2010",0.683684900464559,0.09305338475,0.09305338475,0.118508650711343,11,12,0.0403793800591194,0.00228202834631227,7.08143933760201e-09,-2.36469007121232,0.0148185486438635,2.29421163997812e-18,0.0426614084054317,0.0380973517128071,2020,9,"fall",12.4863888888889,249,0.0421264697010255
"275",2020-09-26,"prochloro","KM2011",219.346726066583,0.0251072257368421,0.0251072257368421,0.0286947373700599,11,12,0.0146225509449992,0.00312690756932496,0.000872325966611757,-3.63328407765017,0.0203048450277954,7.30267942667043e-19,0.0177494585143241,0.0114956433756742,2020,9,"fall",12.0327777777778,270,1.11524959025305
"276",2020-09-27,"euk","KM2011",0.342743043915289,0.261551304025,0.261551304025,0.332571885966676,11,12,0.04408366615592,0.00527619955945855,8.03236111642034e-06,-1.357045190404,0.0342614586505531,2.51517312520047e-12,0.0493598657153785,0.0388074665964614,2020,10,"fall",12.0111111111111,271,0.0615902505599021
"277",2020-09-27,"prochloro","KM2011",200.170012018779,0.0235477756,0.0235477756,0.0282398050283404,11,12,0.0310926751924586,0.00113477216701686,9.7110433170533e-11,-3.74385864775916,0.00736874131463602,2.14665448442201e-23,0.0322274473594755,0.0299579030254418,2020,10,"fall",12.0111111111111,271,2.14446665455149
"278",2020-09-27,"synecho","KM2011",0.488485046130314,0.089753012725,0.089753012725,0.108180676984226,11,12,0.030681482372177,0.00205492567271657,3.65535584033917e-08,-2.39849120382206,0.0133438377704129,6.98089026283715e-19,0.0327364080448936,0.0286265566994604,2020,10,"fall",12.0111111111111,271,0.01977592635895
"279",2020-09-28,"croco","KM2011",0.024037279443219,1.197929621625,1.197929621625,1.60317904226179,7,8,0.0777118200691022,0.00636227433922201,1.83266820145492e-05,-0.127532010870483,0.0498941869179432,0.0431375857447151,0.0840740944083242,0.0713495457298802,2020,10,"fall",11.9894444444444,272,0.0325613611998678
"280",2020-09-28,"euk","KM2011",0.307304942941359,0.283780565175,0.283211817425,0.437712533030983,11,12,0.0927687816357946,0.0108541356915351,6.56827764408777e-06,-1.39904895269618,0.070482269859631,2.31032832988459e-09,0.10362291732733,0.0819146459442595,2020,10,"fall",11.9894444444444,272,0.154828879089084
"281",2020-09-28,"prochloro","KM2011",206.833372580306,0.0239891001,0.0239891001,0.028338009713135,11,12,0.0286053998110109,0.00130188307362949,8.54134647841699e-10,-3.72584285231194,0.0084538904551194,8.89854364450406e-23,0.0299072828846404,0.0273035167373814,2020,10,"fall",11.9894444444444,272,2.03870565355316
"282",2020-09-28,"synecho","KM2011",0.409972002513736,0.09203475375,0.09133261845,0.110460458019658,11,12,0.0322141514072664,0.00269096808762624,2.98813712281179e-07,-2.38680976411054,0.017474034259922,1.08589480324458e-17,0.0349051194948926,0.0295231833196401,2020,10,"fall",11.9894444444444,272,0.0177658671842238
"283",2020-09-29,"croco","KM2011",0.0245885197721468,1.0310214835,1.0310214835,1.61180475108286,8,9,0.11267347130183,0.0143952498013494,0.000104765062339679,-0.246925605099009,0.0940293779552186,0.0341079939649512,0.127068721103179,0.0982782215004807,2020,10,"fall",11.9675,273,0.054769926629266
"284",2020-09-29,"euk","KM2011",0.442067362724457,0.356468573578947,0.347897170361111,0.583041852016608,10,11,0.119743853060264,0.0227026251802405,0.000510846876713473,-1.24273229094928,0.134310541852109,6.80369883439732e-06,0.142446478240505,0.097041227880024,2020,10,"fall",11.9675,273,0.407153129171097
"285",2020-09-29,"prochloro","KM2011",216.897837983924,0.0245279357368421,0.0245279357368421,0.0301097815652192,10,11,0.0421737960954116,0.00584038358967727,4.96880875707118e-05,-3.72449129488374,0.0345521752804364,2.58327766720914e-15,0.0480141796850889,0.0363334125057344,2020,10,"fall",11.9675,273,3.43536321566166
"286",2020-09-29,"synecho","KM2011",0.453475976830674,0.0930849140263158,0.0930849140263158,0.122373334754624,10,11,0.0535872820087377,0.00859006214107519,0.000151743105342185,-2.38678144569618,0.0508194929683844,4.50396887483822e-12,0.0621773441498129,0.0449972198676625,2020,10,"fall",11.9675,273,0.0374738330937246
"287",2020-11-18,"euk","KM2013",0.600558439876872,0.319595206361111,0.319595206361111,0.4011698852811,10,11,0.0521306545405637,0.00556101980808726,6.11043412621129e-06,-1.18918650568537,0.0328994368600415,4.70024243240186e-11,0.057691674348651,0.0465696347324764,2020,11,"fall",10.9955555555556,323,0.14151675643047
"288",2020-11-18,"prochloro","KM2013",199.862131064077,0.0248175622222222,0.0248175622222222,0.0353363768661085,10,11,0.0846883636270463,0.00741989412251687,1.17839917492282e-06,-3.80682753043,0.0438966856109617,1.82626058141729e-14,0.0921082577495631,0.0772684695045294,2020,11,"fall",10.9955555555556,323,6.82767915702115
"289",2020-11-18,"synecho","KM2013",1.21801104750396,0.105166365833333,0.105166365833333,0.13355960319883,10,11,0.0540530026866367,0.00268132688587115,8.46675759439331e-09,-2.29863073424512,0.0158629437813838,1.80443259975911e-16,0.0567343295725078,0.0513716758007655,2020,11,"fall",10.9955555555556,323,0.0992747776422378
"290",2020-11-19,"euk","KM2013",0.571947202493488,0.282942533361111,0.282942533361111,0.469799898445774,10,11,0.111951625866852,0.00746110572871567,1.1250392554354e-07,-1.38143668421395,0.0441404967612235,1.70284532956179e-10,0.119412731595568,0.104490520138136,2020,11,"fall",10.9808333333333,324,0.347556600666187
"291",2020-11-19,"prochloro","KM2013",193.326948516859,0.0272562136111111,0.0272562136111111,0.0452631766562201,10,11,0.0908229636842212,0.0052304967936475,3.14578603254454e-08,-3.59096616328082,0.0309440363364654,1.33037697481441e-15,0.0960534604778688,0.0855924668905737,2020,11,"fall",10.9808333333333,324,9.12014333738766
"292",2020-11-19,"synecho","KM2013",1.22102630293,0.110414630361111,0.110414630361111,0.15159370334794,10,11,0.0568094827093375,0.00424246957460492,3.01032147291314e-07,-2.18710326200558,0.0250987884807354,1.74911156068613e-14,0.0610519522839424,0.0525670131347325,2020,11,"fall",10.9808333333333,324,0.118689749536771
"293",2020-11-20,"euk","KM2013",0.906298437319278,0.2874152724,0.2874152724,0.409241818491972,10,11,0.0631548939485817,0.00284747140746382,3.64021198871925e-09,-1.2292182937144,0.0168458680266509,8.62282562856364e-14,0.0660023653560456,0.0603074225411179,2020,11,"fall",10.9669444444444,325,0.264830008439464
"294",2020-11-20,"prochloro","KM2013",199.808465369723,0.0264099313333333,0.0264099313333333,0.0362251718480205,10,11,0.0656878274707686,0.00234090820047294,4.50580890304476e-10,-3.6684324393904,0.0138489996789101,7.92654404652045e-19,0.0680287356712416,0.0633469192702957,2020,11,"fall",10.9669444444444,325,5.38005804580828
"295",2020-11-20,"synecho","KM2013",2.48923517457267,0.100718421866667,0.100718421866667,0.131328440500565,10,11,0.0516370579701315,0.00204488168552752,1.15166947344331e-09,-2.30166609108836,0.01209768319858,1.55728513000717e-17,0.053681939655659,0.049592176284604,2020,11,"fall",10.9669444444444,325,0.189788805271181
"296",2020-11-21,"euk","KM2013",0.687108794807455,0.316835439138889,0.316835439138889,0.371098761356762,7,7,0.0439816752299949,0.00716192809805116,0.00166341277281899,-1.14862514295085,0.0301433682498564,2.3451568265274e-07,0.051143603328046,0.0368197471319437,2020,11,"fall",10.9530555555556,326,0.134830909078038
"297",2020-11-21,"prochloro","KM2013",197.017298751244,0.0249807698888889,0.0249807698888889,0.0316148953737666,7,7,0.0670233312063814,0.00623735923926747,0.000120976181702339,-3.69787298324787,0.026252011173785,3.42075783377768e-10,0.0732606904456488,0.0607859719671139,2020,11,"fall",10.9530555555556,326,5.28954684363574
"298",2020-11-21,"synecho","KM2013",1.4824050709669,0.102474899388889,0.102474899388889,0.122687444705949,7,7,0.0564602619483049,0.00713684015256606,0.000519401785782724,-2.30202043716221,0.0300377772457251,7.16646559756269e-09,0.063597102100871,0.0493234217957389,2020,11,"fall",10.9530555555556,326,0.126962449076744
"299",2020-12-18,"euk","KM2014",1.44213647436223,0.426600130425,0.415479847678571,0.629046188668196,10,11,0.0935036666283841,0.0136595017587835,7.51266942327167e-05,-0.984736072266126,0.0808107022023529,6.75497182306374e-07,0.107163168387168,0.0798441648696006,2020,12,"winter",10.7386111111111,353,0.931640824710127
"300",2020-12-18,"prochloro","KM2014",182.296875121224,0.02825959195,0.02825959195,0.0352936546824064,10,11,0.0444488081981762,0.00509042729092649,1.09276251482813e-05,-3.57732547365527,0.0301153739831888,1.07846545678503e-15,0.0495392354891027,0.0393583809072497,2020,12,"winter",10.7386111111111,353,3.11700938202818
"301",2020-12-18,"synecho","KM2014",4.07506247078738,0.119833639925,0.119833639925,0.144357619018787,10,11,0.0289218008694485,0.00943041430187726,0.0134218468359571,-2.08833963512095,0.0557910833975895,3.43848767745451e-11,0.0383522151713257,0.0194913865675712,2020,12,"winter",10.7386111111111,353,0.183881916387076
"302",2020-12-19,"euk","KM2014",1.64547395490509,0.369572095416667,0.369572095416667,0.441754634232341,10,11,0.0373993168792505,0.0033084419542334,1.27858619012443e-06,-1.01160909759336,0.0195730065589988,1.90852606462968e-12,0.0407077588334839,0.0340908749250171,2020,12,"winter",10.7375,354,0.29569009847627
"303",2020-12-19,"prochloro","KM2014",219.701287637566,0.02693705325,0.02693705325,0.0327256771048078,10,11,0.0419525368652937,0.00173581003401384,1.69980300590849e-09,-3.63831344214646,0.0102691906495308,5.78719880925516e-20,0.0436883468993076,0.0402167268312799,2020,12,"winter",10.7375,354,3.28758976532841
"304",2020-12-19,"synecho","KM2014",2.87616144153932,0.0963265755833333,0.0963265755833333,0.119150773848116,10,11,0.0426156505145132,0.00205811819303325,6.68447559896236e-09,-2.34964338329134,0.0121759914330335,1.37076474741986e-17,0.0446737687075465,0.04055753232148,2020,12,"winter",10.7375,354,0.15921874347929
"305",2020-12-20,"euk","KM2014",1.89749976536672,0.462915711075,0.411059842736842,0.570292637955482,7,8,0.0976635531789877,0.0180201389914017,0.00163327199934613,-0.9338199853165,0.0753836498334693,1.68904393025443e-05,0.115683692170389,0.079643414187586,2020,12,"winter",10.7366666666667,355,1.38243480145692
"306",2020-12-20,"prochloro","KM2014",236.829293122426,0.03032727295,0.03032727295,0.0359897881628031,7,8,0.0544476526430358,0.00452102962440028,1.98892316508242e-05,-3.52319135140288,0.0189128238275604,1.61446099349653e-12,0.0589686822674361,0.0499266230186356,2020,12,"winter",10.7366666666667,355,5.54995273825336
"307",2020-12-20,"synecho","KM2014",2.75352379546769,0.1294981165,0.129020397736842,0.158015040346772,7,8,0.0738721176909986,0.00947226275818957,0.000234293284883686,-2.11946420109279,0.0396253180530231,2.86678672752063e-09,0.0833443804491882,0.0643998549328091,2020,12,"winter",10.7366666666667,355,0.400239380591237
"308",2021-01-12,"prochloro","KM2101",161.726624038978,0.02608411395,0.02608411395,0.0289340911285313,7,8,0.0208923711443443,0.00496814319562206,0.00565270595495647,-3.61737094800025,0.0207832340893712,2.4266017250259e-12,0.0258605143399664,0.0159242279487223,2021,1,"winter",10.8602777777778,12,1.10613260812459
"309",2021-01-13,"euk","KM2101",2.8619286205917,0.516508803975,0.516508803975,0.720262530889611,10,11,0.0653517250310464,0.0027029633984179,1.69422404246615e-09,-0.67646076005493,0.0159909471158384,1.14985161294294e-11,0.0680546884294643,0.0626487616326285,2021,1,"winter",10.8716666666667,13,1.50592838017067
"310",2021-01-13,"prochloro","KM2101",157.777589608926,0.0264505474,0.0264505474,0.0309283985576304,10,11,0.0279943284281132,0.00142524933681197,1.06483144352325e-08,-3.62003298884392,0.00843188878738943,1.02729495898767e-20,0.0294195777649252,0.0265690790913013,2021,1,"winter",10.8716666666667,13,1.50318922897679
"311",2021-01-13,"synecho","KM2101",3.20928655169988,0.1103488966,0.1103488966,0.133402200652963,10,11,0.0315677025614735,0.00244860626909707,4.17089280753386e-07,-2.1773896947642,0.0144861500453761,1.29811917332281e-16,0.0340163088305706,0.0291190962923765,2021,1,"winter",10.8716666666667,13,0.148926521572859
"312",2021-01-14,"prochloro","KM2101",157.906064310389,0.0257366015,0.0257366015,0.029155321365222,9,9,0.0258958196686814,0.00172752588194652,1.41149089092489e-06,-3.66434816542977,0.0097042612122133,2.41250986706144e-16,0.027623345550628,0.0241682937867349,2021,1,"winter",10.8827777777778,14,1.31702608281848
"313",2021-01-14,"synecho","KM2101",2.72364410323534,0.10087476575,0.09626847178125,0.117224031911756,9,9,0.0394430520329311,0.0060599398016423,0.000331374985179524,-2.34335463002081,0.0340413069233804,3.58887408329411e-11,0.0455029918345734,0.0333831122312888,2021,1,"winter",10.8827777777778,14,0.140182630064667
"314",2021-03-23,"euk","KM2103",0.0938266701922259,0.0451967159,0.0451967159,0.251884779123337,11,9,0.145413876836472,0.0482862426833008,0.0196205821034809,-2.4785619074943,0.352632857797502,0.00020623044115975,0.193700119519773,0.0971276341531714,2021,3,"spring",12.1905555555556,82,0.0384508509348687
"315",2021-03-23,"prochloro","KM2103",148.842160146692,0.0255292231,0.0255292231,0.0306726188603656,11,9,0.0219049906115892,0.00529226526882774,0.00435430188643001,-3.62954753897738,0.0386492409071746,4.08999267310198e-12,0.0271972558804169,0.0166127253427614,2021,3,"spring",12.1905555555556,82,1.20857983362572
"316",2021-03-23,"synecho","KM2103",1.08992823701195,0.08898078025,0.08898078025,0.139236145174412,11,9,0.0363381349902338,0.0117240990799165,0.0173359102988565,-2.21789554347344,0.0856207137666113,3.2675012675763e-08,0.0480622340701504,0.0246140359103173,2021,3,"spring",12.1905555555556,82,0.0661152642863115
"317",2021-03-24,"euk","KM2103",1.49247125792148,0.277024060461538,0.277024060461538,0.343404871685253,11,12,0.0253590826666739,0.00621245788596933,0.00220738509184161,-1.21440190753243,0.0403411331546154,3.82922328841845e-11,0.0315715405526432,0.0191466247807045,2021,3,"spring",12.2127777777778,83,0.160853963798023
"318",2021-03-24,"prochloro","KM2103",197.309426014688,0.0262874407692308,0.0262874407692308,0.0328993958669748,11,12,0.039413749206901,0.00281842366353977,6.84523475742922e-08,-3.64065236704218,0.0183016780771684,2.53346334375931e-19,0.0422321728704407,0.0365953255433612,2021,3,"spring",12.2127777777778,83,3.20039507138885
"319",2021-03-24,"synecho","KM2103",4.67255024233404,0.118242901,0.118242901,0.147033802110646,11,12,0.0313423159226839,0.00280323509432779,5.66412820175294e-07,-2.09571138972206,0.0182030497879703,5.9941312567495e-17,0.0341455510170117,0.0285390808283561,2021,3,"spring",12.2127777777778,83,0.267985096184688
"320",2021-03-25,"euk","KM2103",1.06282291015717,0.259410616333333,0.259410616333333,0.385921608418178,9,10,0.0815069554896004,0.00810577280003619,8.14494107705858e-06,-1.34935303440724,0.0432729852395866,1.21656804080863e-09,0.0896127282896366,0.0734011826895642,2021,3,"spring",12.2347222222222,84,0.471654225229685
"321",2021-03-25,"prochloro","KM2103",132.25719542849,0.0250552396666667,0.0250552396666667,0.031602166824997,9,10,0.0456906615283674,0.00463649683604687,9.46826789994944e-06,-3.66966061567463,0.024752119766884,4.79226748152742e-15,0.0503271583644143,0.0410541646923206,2021,3,"spring",12.2347222222222,84,2.52438551269109
"322",2021-03-25,"synecho","KM2103",3.77303190344501,0.104253511666667,0.104253511666667,0.141395481463872,9,10,0.0481725211409973,0.00416506591807688,2.83753245556794e-06,-2.18289565295401,0.0222353673660877,1.29422993842419e-13,0.0523375870590742,0.0440074552229204,2021,3,"spring",12.2347222222222,84,0.341439535256317
"323",2021-04-13,"euk","KM2104",2.1921806366508,0.357372550694444,0.334970964725,0.638303755847193,12,13,0.105898013458559,0.0127380568765917,4.52397214885316e-06,-1.171174636203,0.0900716639657793,5.0775403675197e-08,0.118636070335151,0.0931599565819674,2021,4,"spring",12.6447222222222,103,1.91330837552088
"324",2021-04-13,"prochloro","KM2104",163.138949396923,0.0298880667222222,0.0298880667222222,0.0357889748488896,12,13,0.0261494167930957,0.00328607928597138,6.87022839625314e-06,-3.49256653643051,0.0232360894662701,1.41636509703977e-19,0.0294354960790671,0.0228633375071244,2021,4,"spring",12.6447222222222,103,1.94492737353539
"325",2021-04-13,"synecho","KM2104",3.06103780995227,0.109851313805556,0.108600899194444,0.12677246632402,12,13,0.0239856405289383,0.00592117170802856,0.00191285683818214,-2.21597013587074,0.0418690066731693,1.34902920798176e-14,0.0299068122369668,0.0180644688209097,2021,4,"spring",12.6447222222222,103,0.118268187539974
"326",2021-04-14,"euk","KM2104",2.06841552857009,0.309038054868421,0.309038054868421,0.411536054609525,12,13,0.0457983634929519,0.00718454077815211,5.26251093519458e-05,-1.18126315000902,0.0508023750394263,1.05570832600348e-10,0.052982904271104,0.0386138227147997,2021,4,"spring",12.6658333333333,104,0.49904413397636
"327",2021-04-14,"prochloro","KM2104",169.305744066786,0.0298951771052632,0.0298951771052632,0.0336821010859312,12,13,0.0177109432368804,0.000819232523379247,2.31509699855401e-10,-3.49929084860552,0.00579284872650033,3.21376242563739e-26,0.0185301757602596,0.0168917107135011,2021,4,"spring",12.6658333333333,104,1.28660715948427
"328",2021-04-14,"synecho","KM2104",3.12734502821308,0.0942091794473684,0.0942091794473684,0.106424445146502,12,13,0.0163994612174115,0.00184590998353856,2.3788505233178e-06,-2.34086232935384,0.0130525546682007,2.0314624525526e-20,0.0182453712009501,0.014553551233873,2021,4,"spring",12.6658333333333,104,0.0694864737020838
"329",2021-04-15,"euk","KM2104",2.67237584072538,0.211109659611111,0.211109659611111,0.491491420149021,12,13,0.121407579232234,0.0135079008432835,2.12394323013475e-06,-1.54909073252628,0.0955152828588123,4.99633307994528e-09,0.134915480075518,0.107899678388951,2021,4,"spring",12.6866666666667,105,2.08115170989459
"330",2021-04-15,"prochloro","KM2104",97.0368601252515,0.0290469406666667,0.0290469406666667,0.0345033927028582,12,13,0.0244477870942917,0.00226280162245807,3.39524298003043e-07,-3.51789118010322,0.0160004237172002,2.16214516558311e-21,0.0267105887167497,0.0221849854718336,2021,4,"spring",12.6866666666667,105,1.04667796472475
"331",2021-04-15,"synecho","KM2104",3.94903721801757,0.0736767306111111,0.0736767306111111,0.111738311194904,12,13,0.0481665981115483,0.00694504089715793,2.46987361848511e-05,-2.49937922168061,0.0491088551399828,2.07160552254063e-14,0.0551116390087063,0.0412215572143904,2021,4,"spring",12.6866666666667,105,0.273241877000414
"332",2021-05-16,"euk","KM2105",1.6199884773815,0.310972145973684,0.310972145973684,0.578040938100056,12,13,0.103518634031773,0.00584509492168488,1.96126316660255e-09,-1.24740266036411,0.0413310625580243,6.24520544448627e-12,0.109363728953458,0.0976735391100882,2021,5,"spring",13.2508333333333,136,1.36907145456555
"333",2021-05-16,"prochloro","KM2105",201.255838323809,0.0288224402105263,0.0288224402105263,0.0367031950825349,12,13,0.0362739666013911,0.00302111695014009,1.1565232189401e-07,-3.53230352190802,0.0213625228220168,4.96248823001325e-20,0.0392950835515312,0.033252849651251,2021,5,"spring",13.2508333333333,136,3.63139541342003
"334",2021-05-16,"synecho","KM2105",1.40683544042426,0.107095915789474,0.107095915789474,0.138116199771154,12,13,0.0325015748447928,0.00212950475671854,9.49301591302492e-09,-2.18224538588118,0.0150578725404469,2.11520520266998e-19,0.0346310796015113,0.0303720700880743,2021,5,"spring",13.2508333333333,136,0.085413082602224
"335",2021-05-17,"euk","KM2105",1.68510566804628,0.34058104259375,0.34058104259375,0.564590843853593,12,13,0.0853349893636604,0.00517192009743491,4.16354578564177e-09,-1.13643734189308,0.0365709977265121,4.5454305884455e-12,0.0905069094610954,0.0801630692662255,2021,5,"spring",13.2655555555556,137,1.1368194669323
"336",2021-05-17,"prochloro","KM2105",190.009889643169,0.02901873925,0.02901873925,0.0349099757927491,12,13,0.0282640608427127,0.00112040098812158,4.37306206550168e-11,-3.5302006547335,0.00792243136348877,9.13218100245489e-25,0.0293844618308343,0.0271436598545911,2021,5,"spring",13.2655555555556,137,2.53248734196355
"337",2021-05-17,"synecho","KM2105",1.36519533187586,0.10659854559375,0.10659854559375,0.129622460554456,12,13,0.029030684820312,0.00167808673263077,2.51753388210685e-09,-2.22336125693358,0.011865865080624,1.25469745855893e-20,0.0307087715529427,0.0273525980876812,2021,5,"spring",13.2655555555556,137,0.0694207956509266
"338",2021-05-18,"euk","KM2105",1.91078097253935,0.342335570294118,0.327900011375,0.534954611027325,12,13,0.0808263450232848,0.00475026427861039,3.00346533836382e-09,-1.15713903470876,0.0335894408383363,1.47806168782485e-12,0.0855766093018952,0.0760760807446744,2021,5,"spring",13.2794444444444,138,1.15644583393132
"339",2021-05-18,"prochloro","KM2105",152.765087349801,0.0288182474117647,0.0288182474117647,0.0345390743065224,12,13,0.0274406822997571,0.00181836961346869,1.06948008453259e-08,-3.53574693312226,0.0128578148438727,1.8461706551255e-22,0.0292590519132257,0.0256223126862884,2021,5,"spring",13.2794444444444,138,1.95691302472063
"340",2021-05-18,"synecho","KM2105",1.40066536214468,0.104711051058824,0.104711051058824,0.12609056058079,12,13,0.0280350379693123,0.00180213768772605,7.76194920345108e-09,-2.24464720618454,0.0127430377962294,2.47536218595469e-20,0.0298371756570384,0.0262329002815863,2021,5,"spring",13.2794444444444,138,0.0669459624628699
"341",2021-06-22,"euk","KM2109",1.05078694065666,0.30822702165,0.30822702165,0.583469510568505,13,14,0.0758347747961046,0.0120628123810952,4.02717112953389e-05,-1.09399634118128,0.0922627735800194,5.52432880674322e-08,0.0878975871771998,0.0637719624150095,2021,6,"summer",13.5297222222222,173,0.629852462869197
"342",2021-06-22,"prochloro","KM2109",173.741889857506,0.0274558159,0.0274558159,0.0328233593110276,13,14,0.0230021775306395,0.00232269367438469,3.977666341202e-07,-3.57089606312712,0.0177651905546791,1.5459408877717e-22,0.0253248712050242,0.0206794838562548,2021,6,"summer",13.5297222222222,173,1.78431771933563
"343",2021-06-22,"synecho","KM2109",1.94305492175101,0.10198715825,0.10198715825,0.116508523022974,13,14,0.0160973954725153,0.00194663203149708,2.67449185710127e-06,-2.25687146337576,0.0148888720715826,4.56452731236784e-21,0.0180440275040124,0.0141507634410182,2021,6,"summer",13.5297222222222,173,0.0494918816341842
"344",2021-06-23,"prochloro","KM2109",177.805762499964,0.0280197622,0.0280197622,0.0322274110350343,13,14,0.0191345432444152,0.00415409501683322,0.00060443382281822,-3.56411048220039,0.0317727173282267,1.68784094189194e-19,0.0232886382612484,0.014980448227582,2021,6,"summer",13.5291666666667,174,1.48794660959278
"345",2021-06-24,"euk","KM2109",1.19143470733395,0.345561041111111,0.345561041111111,0.549367773770298,9,10,0.111166418049048,0.00800670059385765,7.00587751021841e-07,-1.15281232337114,0.0427440843906018,3.84639805515374e-09,0.119173118642906,0.103159717455191,2021,6,"summer",13.5275,175,1.31621076883821
"346",2021-06-24,"prochloro","KM2109",167.34241519092,0.0281018719444444,0.0281018719444444,0.0316681924418748,9,10,0.0249129068098335,0.00186939177140995,9.60538457479506e-07,-3.56724454922146,0.00997982111352372,4.20183622640431e-18,0.0267822985812435,0.0230435150384236,2021,6,"summer",13.5275,175,1.89342138206816
"347",2021-06-24,"synecho","KM2109",1.88460730606396,0.0976442386666667,0.0976442386666667,0.107969489842657,9,10,0.0199198836901269,0.00459703293058084,0.00250116298542112,-2.3179111255265,0.0245414401634882,1.76296075588692e-13,0.0245169166207078,0.0153228507595461,2021,6,"summer",13.5275,175,0.0573979276178115
"348",2021-07-16,"croco","KM2111",0.0287786120335656,1.35470411434375,1.35470411434375,1.77535607772676,8,9,0.0586334749955686,0.00448269185907271,3.55897437282803e-06,0.0932918130842664,0.0376830624035083,0.042477037182309,0.0631161668546413,0.0541507831364959,2021,7,"summer",13.3836111111111,197,0.0376524241246962
"349",2021-07-16,"euk","KM2111",0.141186790418749,0.0382736739705882,0.035526624475,0.306809393689442,12,13,0.257977296733036,0.0471012488934903,0.000192784637041896,-3.15829597209955,0.333056124949424,1.25357949330966e-06,0.305078545626527,0.210876047839546,2021,7,"summer",13.3836111111111,197,0.183512448645551
"350",2021-07-16,"prochloro","KM2111",182.058881846508,0.0152433262941176,0.0152433262941176,0.0272069582453213,12,13,0.0859737409387689,0.0100689951749517,3.49780937942359e-06,-4.17489038750756,0.0711985476794296,4.38622081309189e-15,0.0960427361137206,0.0759047457638172,2021,7,"summer",13.3836111111111,197,6.04750711298158
"351",2021-07-16,"synecho","KM2111",0.502620469637349,0.0478298219411765,0.0474691368611111,0.0925217258186021,12,13,0.0898747392674222,0.0158808578441491,0.000146772385621245,-2.98684780612753,0.112294622726574,2.46393923002816e-11,0.105755597111571,0.0739938814232731,2021,7,"summer",13.3836111111111,197,0.0590673875613056
"352",2021-07-17,"croco","KM2111",0.0217392635700104,1.10348850384211,1.10348850384211,1.67431329243219,9,10,0.0722279171225024,0.00670471278747604,4.85663679060034e-06,-0.0485905870957823,0.0538468169419895,0.393210159750561,0.0789326299099784,0.0655232043350263,2021,7,"summer",13.3722222222222,198,0.0336925155071925
"353",2021-07-17,"euk","KM2111",0.665027333661356,0.301355135368421,0.301355135368421,0.405115329440755,12,13,0.0541232573962355,0.00387947583280403,2.43823549978939e-08,-1.25027269619262,0.0274320366882506,6.93725634098929e-14,0.0580027332290395,0.0502437815634315,2021,7,"summer",13.3722222222222,198,0.202319645530482
"354",2021-07-17,"prochloro","KM2111",189.891431920551,0.0226192157894737,0.0226192157894737,0.0295285083811324,12,13,0.0452892497351211,0.00117829808895252,4.47249834819436e-13,-3.80855432168048,0.00833182568957479,6.89780293620708e-25,0.0464675478240736,0.0441109516461686,2021,7,"summer",13.3722222222222,198,3.50586367759495
"355",2021-07-17,"synecho","KM2111",1.05168834055811,0.0947446073947368,0.0894832882647059,0.112237994624028,12,13,0.0275207349503546,0.00472851987180422,0.000115824454430863,-2.35913152830391,0.033435684663281,5.75729945778212e-16,0.0322492548221588,0.0227922150785503,2021,7,"summer",13.3722222222222,198,0.0442134042717313
"356",2021-07-18,"prochloro","KM2111",178.329819018116,0.0157510653076923,0.0157510653076923,0.018294145840812,8,4,0.0561881032577626,0.00352504285879097,0.00391277863296838,-4.1719938624323,0.014640602564321,1.23146637705241e-05,0.0597131461165536,0.0526630603989716,2021,7,"summer",13.3608333333333,199,3.07606550400743
"357",2021-07-18,"synecho","KM2111",0.467978472716183,0.0479948718076923,0.0479948718076923,0.0572146618651175,8,4,0.0503722420143023,0.00561696048788887,0.0122070540260721,-3.01250912844156,0.0233289890128828,5.996475023508e-05,0.0559892025021912,0.0447552815264135,2021,7,"summer",13.3608333333333,199,0.022092439060636
"358",2021-12-19,"euk","TN398",1.36619528027937,0.448004322875,0.423810995375,0.594408500108821,10,9,0.066043694458066,0.00548216218179977,6.19359186374402e-06,-0.838062343302243,0.030138044976436,1.9974181591077e-08,0.0715258566398658,0.0605615322762663,2021,12,"winter",10.7377777777778,353,0.610025560986704
"359",2021-12-19,"prochloro","TN398",190.343359147088,0.028594712,0.028594712,0.0376996347401559,10,9,0.058130543025519,0.00229453989765969,3.81202713870691e-08,-3.55475944019404,0.0126141738136598,1.87066609141078e-15,0.0604250829231787,0.0558360031278593,2021,12,"winter",10.7377777777778,353,4.71643079891397
"360",2021-12-19,"synecho","TN398",2.12193528046474,0.124571304625,0.124571304625,0.161629727901803,10,9,0.0539125379572983,0.00209725613057151,3.44562603577072e-08,-2.07778271509138,0.0115296114004273,4.27548900279263e-14,0.0560097940878698,0.0518152818267268,2021,12,"winter",10.7377777777778,353,0.208315191296815
"361",2022-03-27,"prochloro","KM2204",181.101754199461,0.02631149665,0.02631149665,0.0335672893182261,11,12,0.0315148062725194,0.00431158140329134,2.57300112094503e-05,-3.57438389053974,0.0279976271372342,2.13343794012163e-17,0.0358263876758107,0.0272032248692281,2022,3,"spring",12.2730555555556,86,2.39743812885952
"362",2022-03-27,"synecho","KM2204",4.66671288646596,0.119611435225,0.119611435225,0.137890510221479,11,12,0.0189864455345079,0.00416919673255589,0.00105183201320758,-2.08886312821694,0.0270730399502068,3.26610479352554e-15,0.0231556422670638,0.014817248801952,2022,3,"spring",12.2730555555556,86,0.151637938133255
"363",2022-03-28,"euk","KM2204",3.72172854769298,0.32209798295,0.312582282775,0.522859786191772,11,12,0.0936192151519541,0.0125812279701274,2.20737943305756e-05,-1.2223979165657,0.0816972931016159,3.581342823931e-08,0.106200443122081,0.0810379871818267,2022,3,"spring",12.295,87,2.36930141060334
"364",2022-03-28,"prochloro","KM2204",158.750332388812,0.0255821953,0.0255821953,0.038563598022018,11,12,0.0571697944678179,0.0063071750911534,3.88150266319602e-06,-3.59074448511422,0.0409561875270552,9.11722842328811e-16,0.0634769695589713,0.0508626193766645,2022,3,"spring",12.295,87,4.46381990918528
"365",2022-03-28,"synecho","KM2204",3.29643417553258,0.108719633425,0.108719633425,0.142276875287796,11,12,0.045555043351964,0.00426528654684459,8.66692400918736e-07,-2.21370035709821,0.0276970074787074,2.29682099529967e-15,0.0498203298988086,0.0412897568051194,2022,3,"spring",12.295,87,0.270518885884898
"366",2022-03-29,"euk","KM2204",4.11478452757143,0.364784903789474,0.364784903789474,0.502741817797405,9,10,0.0831602931662546,0.00964525765875939,2.53780728145576e-05,-1.09443026985517,0.0514915853917892,2.52438044774013e-08,0.092805550825014,0.0735150355074952,2022,3,"spring",12.3169444444444,88,2.45868302006874
"367",2022-03-29,"prochloro","KM2204",166.701308852827,0.0266878390526316,0.0266878390526316,0.0355405535860892,9,10,0.063671003680956,0.00391625252448953,2.06073125317969e-07,-3.64079661447034,0.0209070673293449,1.32305902858829e-15,0.0675872562054455,0.0597547511564665,2022,3,"spring",12.3169444444444,88,5.20681734912485
"368",2022-03-29,"synecho","KM2204",3.91884630599325,0.109610317236842,0.109610317236842,0.133045090948735,9,10,0.0496337568687977,0.00445753564382638,3.78396921792428e-06,-2.2513352319629,0.0237967284401765,1.73955393147564e-13,0.0540912925126241,0.0451762212249713,2022,3,"spring",12.3169444444444,88,0.347686506592059
"369",2022-05-26,"prochloro","KM2205",198.144749864313,0.0282057335263158,0.0282057335263158,0.0403482005836482,12,13,0.0523192751353532,0.00175630468394795,7.19782967470591e-12,-3.54321534394107,0.0124189495184929,1.23114480537535e-22,0.0540755798193011,0.0505629704514052,2022,5,"spring",13.3780555555556,146,5.80838613202779
"370",2022-05-26,"synecho","KM2205",2.48036968755357,0.105594116526316,0.105594116526316,0.138296860322863,12,13,0.0406461760792648,0.0016679932990371,6.3605301592546e-11,-2.2338341041816,0.0117944937272285,1.11502047303099e-20,0.0423141693783019,0.0389781827802277,2022,5,"spring",13.3780555555556,146,0.191956210735811
"371",2022-05-27,"euk","KM2205",1.35127248119734,0.216776068710526,0.195227540875,0.242229410046199,12,13,0.026669440967611,0.00718733004528275,0.00343744985286231,-1.5870296896268,0.0508220981364525,4.30978150350235e-12,0.0338567710128938,0.0194821109223283,2022,5,"spring",13.3891666666667,147,0.118608636047556
"372",2022-05-27,"prochloro","KM2205",193.583086873359,0.0283859633684211,0.0283859633684211,0.0372895500424651,12,13,0.0322101229085789,0.00482153952978779,3.46594753915493e-05,-3.49109080940942,0.0340934329727194,9.62809084323511e-18,0.0370316624383667,0.0273885833787911,2022,5,"spring",13.3891666666667,147,3.18024558767324
"373",2022-05-27,"synecho","KM2205",2.7132877119595,0.101574973236842,0.101574973236842,0.122240575925585,12,13,0.0225182101763025,0.0036683585154241,7.32577567674336e-05,-2.24139522200391,0.0259392118207979,6.21759420468064e-17,0.0261865686917266,0.0188498516608784,2022,5,"spring",13.3891666666667,147,0.101501224831972
"374",2022-05-28,"euk","KM2205",1.53084087075749,0.2793027313,0.26391323145,0.409714233332456,12,13,0.0635045482773223,0.00541795317619343,1.48076707769922e-07,-1.3032099050187,0.0383107143103757,1.69648236986122e-12,0.0689225014535157,0.0580865951011288,2022,5,"spring",13.4,148,0.558048704210807
"375",2022-05-28,"prochloro","KM2205",192.278920916947,0.02847011295,0.02847011295,0.0416481029532276,12,13,0.0554682957442853,0.00377075137334821,1.39927887578014e-08,-3.53376974858963,0.0266632386626301,5.65050714660234e-19,0.0592390471176335,0.0516975443709371,2022,5,"spring",13.4,148,6.19064899974606
"376",2022-05-28,"synecho","KM2205",2.49657545822462,0.10400727575,0.10400727575,0.136473033448043,12,13,0.0408532366135193,0.00360165960934296,2.07074332186776e-07,-2.24941766682043,0.025467579332921,4.88689572201761e-17,0.0444548962228623,0.0372515770041764,2022,5,"spring",13.4,148,0.191888700454392
"377",2022-07-09,"prochloro","KM2207",227.995561648911,0.0305052743157895,0.02879294595,0.0383632581619995,12,13,0.0481979085518057,0.00253727558640062,9.28027657321157e-10,-3.5666286668587,0.0179412477288296,6.54598804602698e-21,0.0507351841382064,0.0456606329654051,2022,7,"summer",13.4538888888889,190,5.8779613065283
"378",2022-07-09,"synecho","KM2207",1.39393500838224,0.117047578421053,0.103625349675,0.126722123130477,12,13,0.0285032863376457,0.00297505184844205,1.13224194933256e-06,-2.24314852257995,0.0210367933641494,6.16951635061083e-18,0.0314783381860877,0.0255282344892036,2022,7,"summer",13.4538888888889,190,0.0691397392373971
"379",2022-07-10,"euk","KM2207",0.327478371011151,0.0911407633928571,0.0840685734444444,0.220777377525128,12,13,0.128458283427328,0.0210142276713795,7.59653310184875e-05,-2.42946307252775,0.148593028878304,4.5865282407105e-09,0.149472511098708,0.107444055755949,2022,7,"summer",13.4455555555556,191,0.133406559114188
"380",2022-07-10,"prochloro","KM2207",239.581211333601,0.0299498662857143,0.0299498662857143,0.0394972059416674,12,13,0.0405881995518819,0.00216419505361604,1.06414080139132e-09,-3.48672340856973,0.0153031699822228,1.46077195139248e-21,0.042752394605498,0.0384240044982659,2022,7,"summer",13.4455555555556,191,5.32165205949922
"381",2022-07-10,"synecho","KM2207",1.39511525848449,0.117344380928571,0.10834799125,0.120525428960572,12,13,0.0124496889971957,0.00250665857772816,0.000424301543476555,-2.19217383422337,0.0177247527843101,1.2084224148379e-18,0.0149563475749239,0.00994303041946757,2022,7,"summer",13.4455555555556,191,0.0283892680818838
"382",2022-07-11,"prochloro","KM2207",225.455084927235,0.0259093482941176,0.0259093482941176,0.0353899022006855,13,14,0.0325441430461463,0.0029424513242179,1.19320447253059e-07,-3.56211718118681,0.022505425079976,2.71762152766318e-21,0.0354865943703642,0.0296016917219284,2022,7,"summer",13.4366666666667,192,3.50934834262467
"383",2022-07-11,"synecho","KM2207",1.27890178473081,0.0992639116764706,0.0992639116764706,0.121180039464475,13,14,0.0205552859401812,0.00184927449768715,1.1296727290787e-07,-2.24779247254745,0.0141442301245444,2.5889716814885e-21,0.0224045604378684,0.0187060114424941,2022,7,"summer",13.4366666666667,192,0.0429737041137592
"384",2022-07-30,"euk","KM2208",0.330551624476386,0.04891254,0.04868168625,0.0516275448969389,10,11,0.012491592599716,0.00197983169948347,0.000139415884939608,-3.05209837699434,0.0152073758399829,9.62887763074411e-18,0.0144714242991994,0.0105117609002325,2022,7,"summer",13.1994444444444,211,0.00280026287970868
"385",2022-07-30,"prochloro","KM2208",219.515371276326,0.0293938382857143,0.0293938382857143,0.0360475399895401,10,11,0.035204014599444,0.00272017900479838,4.03545910024396e-07,-3.57576317081403,0.0208940913961485,4.03847731700367e-17,0.0379241936042424,0.0324838355946456,2022,7,"summer",13.1994444444444,211,3.63480689872716
"386",2022-07-30,"synecho","KM2208",1.50728971566968,0.107193618357143,0.1051168287,0.120923789038903,10,11,0.0295294168312726,0.00331832382965899,9.36385853546409e-06,-2.32411047387027,0.0254885289742362,1.16343117990181e-14,0.0328477406609316,0.0262110930016136,2022,7,"summer",13.1994444444444,211,0.0703141040193221
"387",2022-07-31,"prochloro","KM2208",215.211641692341,0.02648416025,0.02648416025,0.034566161714303,12,13,0.0345457947289941,0.00318851185798064,3.30047096737869e-07,-3.58103230223808,0.0225461835667183,7.72321675609206e-20,0.0377343065869747,0.0313572828710134,2022,7,"summer",13.1838888888889,212,3.45723043857444
"388",2022-07-31,"synecho","KM2208",1.8019408118475,0.1071850229375,0.1071850229375,0.126207000645825,12,13,0.0247256760920267,0.00159670758844153,8.14670836498137e-09,-2.22263939543712,0.0112904276335903,7.2891366957341e-21,0.0263223836804682,0.0231289685035852,2022,7,"summer",13.1838888888889,212,0.0752244786610759
"389",2022-08-01,"prochloro","KM2208",220.633225591346,0.02639502935,0.02639502935,0.0337353384647981,12,13,0.0351568351105271,0.00171215742690757,4.02834157517701e-10,-3.60888172474697,0.0121067812702526,7.60309127095662e-23,0.0368689925374347,0.0334446776836195,2022,8,"summer",13.1680555555556,213,3.51790383603801
"390",2022-08-01,"synecho","KM2208",1.60481970430896,0.10661190175,0.10661190175,0.123776988297259,12,13,0.0215855049032541,0.0020847489867959,5.21648581488497e-07,-2.22232450637207,0.0147414014563516,1.37095743619246e-19,0.02367025389005,0.0195007559164582,2022,8,"summer",13.1680555555556,213,0.0571675495549118
